date,channel_code,channel_name,category,orders,units_sold,gross_sales,commission_amt,net_sales,avg_order_value,return_count
2026-04-21,OWN,자사몰 (lush.co.kr),기프트,17,25,1899309,0,1899309,111724,0
2026-04-21,OWN,자사몰 (lush.co.kr),립,27,45,608575,0,608575,22539,0
2026-04-21,OWN,자사몰 (lush.co.kr),마사지바,23,30,616323,0,616323,26796,0
2026-04-21,OWN,자사몰 (lush.co.kr),바디로션바,16,29,581951,0,581951,36371,0
2026-04-21,OWN,자사몰 (lush.co.kr),배쓰밤,69,92,1205937,0,1205937,17477,0
2026-04-21,OWN,자사몰 (lush.co.kr),비누,29,54,762251,0,762251,26284,0
2026-04-21,OWN,자사몰 (lush.co.kr),샤워젤,28,42,791028,0,791028,28251,0
2026-04-21,OWN,자사몰 (lush.co.kr),샴푸바,31,50,1152838,0,1152838,37188,0
2026-04-21,OWN,자사몰 (lush.co.kr),액세서리,9,12,111486,0,111486,12387,0
2026-04-21,OWN,자사몰 (lush.co.kr),페이스마스크,37,50,1119228,0,1119228,30249,0
2026-04-21,OWN,자사몰 (lush.co.kr),헤어,16,26,614524,0,614524,38407,0
2026-04-21,NAVER,네이버 브랜드스토어,기프트,8,10,722445,41901,680544,90305,0
2026-04-21,NAVER,네이버 브랜드스토어,립,11,20,273349,15854,257495,24849,0
2026-04-21,NAVER,네이버 브랜드스토어,마사지바,12,20,399808,23188,376620,33317,0
2026-04-21,NAVER,네이버 브랜드스토어,바디로션바,8,13,278381,16146,262235,34797,0
2026-04-21,NAVER,네이버 브랜드스토어,배쓰밤,36,59,784765,45516,739249,21799,0
2026-04-21,NAVER,네이버 브랜드스토어,비누,11,18,263129,15261,247868,23920,0
2026-04-21,NAVER,네이버 브랜드스토어,샤워젤,15,20,369085,21406,347679,24605,0
2026-04-21,NAVER,네이버 브랜드스토어,샴푸바,22,38,854895,49583,805312,38858,0
2026-04-21,NAVER,네이버 브랜드스토어,액세서리,5,6,52388,3038,49350,10477,0
2026-04-21,NAVER,네이버 브랜드스토어,페이스마스크,19,28,587572,34079,553493,30924,0
2026-04-21,NAVER,네이버 브랜드스토어,헤어,9,11,261172,15147,246025,29019,0
2026-04-21,KAKAO,카카오 선물하기,기프트,33,46,3262611,358887,2903724,98867,0
2026-04-21,KAKAO,카카오 선물하기,립,18,32,424219,46664,377555,23567,0
2026-04-21,KAKAO,카카오 선물하기,마사지바,13,23,491414,54055,437359,37801,0
2026-04-21,KAKAO,카카오 선물하기,바디로션바,11,16,321026,35312,285714,29184,0
2026-04-21,KAKAO,카카오 선물하기,배쓰밤,57,104,1389512,152846,1236666,24377,0
2026-04-21,KAKAO,카카오 선물하기,비누,15,21,294783,32426,262357,19652,0
2026-04-21,KAKAO,카카오 선물하기,샤워젤,13,22,427194,46991,380203,32861,0
2026-04-21,KAKAO,카카오 선물하기,샴푸바,18,31,743004,81730,661274,41278,0
2026-04-21,KAKAO,카카오 선물하기,액세서리,6,10,91503,10065,81438,15250,0
2026-04-21,KAKAO,카카오 선물하기,페이스마스크,17,23,469788,51676,418112,27634,0
2026-04-21,KAKAO,카카오 선물하기,헤어,8,10,229694,25266,204428,28711,0
2026-04-21,29CM,29CM,기프트,7,13,927412,166934,760478,132487,0
2026-04-21,29CM,29CM,립,6,11,153969,27714,126255,25661,0
2026-04-21,29CM,29CM,마사지바,3,5,102873,18517,84356,34291,0
2026-04-21,29CM,29CM,바디로션바,4,5,104547,18818,85729,26136,0
2026-04-21,29CM,29CM,배쓰밤,27,49,645812,116246,529566,23918,0
2026-04-21,29CM,29CM,비누,8,14,210719,37929,172790,26339,0
2026-04-21,29CM,29CM,샤워젤,4,5,97135,17484,79651,24283,0
2026-04-21,29CM,29CM,샴푸바,9,15,337173,60691,276482,37463,0
2026-04-21,29CM,29CM,액세서리,2,2,18345,3302,15043,9172,0
2026-04-21,29CM,29CM,페이스마스크,8,12,246058,44290,201768,30757,0
2026-04-21,29CM,29CM,헤어,4,5,111780,20120,91660,27945,0
2026-04-21,OY,올리브영 온라인,기프트,10,18,1366084,204912,1161172,136608,0
2026-04-21,OY,올리브영 온라인,립,15,21,291914,43787,248127,19460,0
2026-04-21,OY,올리브영 온라인,마사지바,6,10,216517,32477,184040,36086,0
2026-04-21,OY,올리브영 온라인,바디로션바,4,6,130498,19574,110924,32624,0
2026-04-21,OY,올리브영 온라인,배쓰밤,41,72,1007663,151149,856514,24577,1
2026-04-21,OY,올리브영 온라인,비누,10,13,185998,27899,158099,18599,0
2026-04-21,OY,올리브영 온라인,샤워젤,9,13,256924,38538,218386,28547,0
2026-04-21,OY,올리브영 온라인,샴푸바,13,19,443088,66463,376625,34083,0
2026-04-21,OY,올리브영 온라인,액세서리,4,6,56610,8491,48119,14152,0
2026-04-21,OY,올리브영 온라인,페이스마스크,22,37,826479,123971,702508,37567,0
2026-04-21,OY,올리브영 온라인,헤어,7,13,292865,43929,248936,41837,0
2026-04-22,OWN,자사몰 (lush.co.kr),기프트,22,37,2736793,0,2736793,124399,0
2026-04-22,OWN,자사몰 (lush.co.kr),립,26,47,632277,0,632277,24318,0
2026-04-22,OWN,자사몰 (lush.co.kr),마사지바,23,31,640691,0,640691,27856,0
2026-04-22,OWN,자사몰 (lush.co.kr),바디로션바,17,30,634642,0,634642,37331,0
2026-04-22,OWN,자사몰 (lush.co.kr),배쓰밤,99,177,2399765,0,2399765,24240,1
2026-04-22,OWN,자사몰 (lush.co.kr),비누,33,62,902955,0,902955,27362,0
2026-04-22,OWN,자사몰 (lush.co.kr),샤워젤,22,31,591971,0,591971,26907,0
2026-04-22,OWN,자사몰 (lush.co.kr),샴푸바,34,58,1372382,0,1372382,40364,0
2026-04-22,OWN,자사몰 (lush.co.kr),액세서리,8,14,124403,0,124403,15550,0
2026-04-22,OWN,자사몰 (lush.co.kr),페이스마스크,36,64,1337344,0,1337344,37148,0
2026-04-22,OWN,자사몰 (lush.co.kr),헤어,17,29,654677,0,654677,38510,0
2026-04-22,NAVER,네이버 브랜드스토어,기프트,12,22,1584365,91893,1492472,132030,0
2026-04-22,NAVER,네이버 브랜드스토어,립,16,25,328266,19039,309227,20516,0
2026-04-22,NAVER,네이버 브랜드스토어,마사지바,7,13,265952,15425,250527,37993,0
2026-04-22,NAVER,네이버 브랜드스토어,바디로션바,10,16,322445,18701,303744,32244,0
2026-04-22,NAVER,네이버 브랜드스토어,배쓰밤,34,44,579958,33637,546321,17057,0
2026-04-22,NAVER,네이버 브랜드스토어,비누,17,22,311134,18045,293089,18302,0
2026-04-22,NAVER,네이버 브랜드스토어,샤워젤,11,16,301051,17460,283591,27368,0
2026-04-22,NAVER,네이버 브랜드스토어,샴푸바,15,22,491247,28492,462755,32749,0
2026-04-22,NAVER,네이버 브랜드스토어,액세서리,5,7,63723,3695,60028,12744,0
2026-04-22,NAVER,네이버 브랜드스토어,페이스마스크,20,26,548917,31837,517080,27445,0
2026-04-22,NAVER,네이버 브랜드스토어,헤어,11,19,441309,25595,415714,40119,0
2026-04-22,KAKAO,카카오 선물하기,기프트,37,61,4466796,491347,3975449,120724,0
2026-04-22,KAKAO,카카오 선물하기,립,14,18,234651,25811,208840,16760,0
2026-04-22,KAKAO,카카오 선물하기,마사지바,13,20,421836,46401,375435,32448,0
2026-04-22,KAKAO,카카오 선물하기,바디로션바,10,17,372076,40928,331148,37207,0
2026-04-22,KAKAO,카카오 선물하기,배쓰밤,60,86,1235224,135874,1099350,20587,0
2026-04-22,KAKAO,카카오 선물하기,비누,14,24,360341,39637,320704,25738,0
2026-04-22,KAKAO,카카오 선물하기,샤워젤,12,15,274408,30184,244224,22867,0
2026-04-22,KAKAO,카카오 선물하기,샴푸바,21,39,892015,98121,793894,42476,0
2026-04-22,KAKAO,카카오 선물하기,액세서리,5,8,71194,7831,63363,14238,0
2026-04-22,KAKAO,카카오 선물하기,페이스마스크,24,31,672209,73942,598267,28008,0
2026-04-22,KAKAO,카카오 선물하기,헤어,11,20,460289,50631,409658,41844,0
2026-04-22,29CM,29CM,기프트,6,8,574138,103344,470794,95689,0
2026-04-22,29CM,29CM,립,5,7,90937,16368,74569,18187,0
2026-04-22,29CM,29CM,마사지바,5,9,194149,34946,159203,38829,0
2026-04-22,29CM,29CM,바디로션바,4,6,128306,23095,105211,32076,0
2026-04-22,29CM,29CM,배쓰밤,18,28,391301,70434,320867,21738,0
2026-04-22,29CM,29CM,비누,5,6,89091,16036,73055,17818,0
2026-04-22,29CM,29CM,샤워젤,5,7,131226,23620,107606,26245,0
2026-04-22,29CM,29CM,샴푸바,5,8,187566,33761,153805,37513,0
2026-04-22,29CM,29CM,액세서리,1,1,8801,1584,7217,8801,0
2026-04-22,29CM,29CM,페이스마스크,8,10,209899,37781,172118,26237,0
2026-04-22,29CM,29CM,헤어,4,6,146911,26443,120468,36727,0
2026-04-22,OY,올리브영 온라인,기프트,6,8,598854,89828,509026,99809,0
2026-04-22,OY,올리브영 온라인,립,20,37,499260,74889,424371,24963,0
2026-04-22,OY,올리브영 온라인,마사지바,6,10,203395,30509,172886,33899,0
2026-04-22,OY,올리브영 온라인,바디로션바,7,10,202595,30389,172206,28942,0
2026-04-22,OY,올리브영 온라인,배쓰밤,47,61,798928,119839,679089,16998,1
2026-04-22,OY,올리브영 온라인,비누,10,16,233985,35097,198888,23398,0
2026-04-22,OY,올리브영 온라인,샤워젤,12,16,316790,47518,269272,26399,0
2026-04-22,OY,올리브영 온라인,샴푸바,17,24,550606,82590,468016,32388,0
2026-04-22,OY,올리브영 온라인,액세서리,3,4,36480,5472,31008,12160,0
2026-04-22,OY,올리브영 온라인,페이스마스크,38,52,1076293,161443,914850,28323,0
2026-04-22,OY,올리브영 온라인,헤어,10,13,305908,45886,260022,30590,0
2026-04-23,OWN,자사몰 (lush.co.kr),기프트,18,31,2382627,0,2382627,132368,0
2026-04-23,OWN,자사몰 (lush.co.kr),립,24,34,444206,0,444206,18508,0
2026-04-23,OWN,자사몰 (lush.co.kr),마사지바,27,47,940380,0,940380,34828,0
2026-04-23,OWN,자사몰 (lush.co.kr),바디로션바,23,35,742823,0,742823,32296,0
2026-04-23,OWN,자사몰 (lush.co.kr),배쓰밤,119,163,2258757,0,2258757,18981,2
2026-04-23,OWN,자사몰 (lush.co.kr),비누,41,69,1026055,0,1026055,25025,0
2026-04-23,OWN,자사몰 (lush.co.kr),샤워젤,27,39,761236,0,761236,28193,0
2026-04-23,OWN,자사몰 (lush.co.kr),샴푸바,26,34,749534,0,749534,28828,0
2026-04-23,OWN,자사몰 (lush.co.kr),액세서리,8,13,115473,0,115473,14434,0
2026-04-23,OWN,자사몰 (lush.co.kr),페이스마스크,43,76,1702155,0,1702155,39585,0
2026-04-23,OWN,자사몰 (lush.co.kr),헤어,22,32,737572,0,737572,33526,0
2026-04-23,NAVER,네이버 브랜드스토어,기프트,10,18,1363214,79066,1284148,136321,0
2026-04-23,NAVER,네이버 브랜드스토어,립,18,29,402714,23357,379357,22373,0
2026-04-23,NAVER,네이버 브랜드스토어,마사지바,11,14,293696,17034,276662,26699,0
2026-04-23,NAVER,네이버 브랜드스토어,바디로션바,9,15,307175,17816,289359,34130,0
2026-04-23,NAVER,네이버 브랜드스토어,배쓰밤,45,66,905422,52514,852908,20120,0
2026-04-23,NAVER,네이버 브랜드스토어,비누,21,38,554637,32168,522469,26411,0
2026-04-23,NAVER,네이버 브랜드스토어,샤워젤,11,19,361637,20974,340663,32876,0
2026-04-23,NAVER,네이버 브랜드스토어,샴푸바,16,24,560782,32525,528257,35048,0
2026-04-23,NAVER,네이버 브랜드스토어,액세서리,6,8,73943,4288,69655,12323,0
2026-04-23,NAVER,네이버 브랜드스토어,페이스마스크,25,37,798902,46336,752566,31956,0
2026-04-23,NAVER,네이버 브랜드스토어,헤어,13,21,477383,27688,449695,36721,0
2026-04-23,KAKAO,카카오 선물하기,기프트,49,69,5277712,580548,4697164,107708,0
2026-04-23,KAKAO,카카오 선물하기,립,16,27,368887,40577,328310,23055,0
2026-04-23,KAKAO,카카오 선물하기,마사지바,15,21,444007,48840,395167,29600,0
2026-04-23,KAKAO,카카오 선물하기,바디로션바,10,16,327685,36045,291640,32768,0
2026-04-23,KAKAO,카카오 선물하기,배쓰밤,84,158,2057077,226278,1830799,24489,0
2026-04-23,KAKAO,카카오 선물하기,비누,28,51,736154,80976,655178,26291,0
2026-04-23,KAKAO,카카오 선물하기,샤워젤,18,26,497332,54706,442626,27629,0
2026-04-23,KAKAO,카카오 선물하기,샴푸바,18,28,675021,74252,600769,37501,0
2026-04-23,KAKAO,카카오 선물하기,액세서리,7,10,86575,9523,77052,12367,0
2026-04-23,KAKAO,카카오 선물하기,페이스마스크,28,49,1006566,110722,895844,35948,0
2026-04-23,KAKAO,카카오 선물하기,헤어,13,21,482071,53027,429044,37082,0
2026-04-23,29CM,29CM,기프트,10,14,1081389,194650,886739,108138,0
2026-04-23,29CM,29CM,립,5,7,96856,17434,79422,19371,0
2026-04-23,29CM,29CM,마사지바,5,7,148739,26773,121966,29747,0
2026-04-23,29CM,29CM,바디로션바,6,9,195440,35179,160261,32573,0
2026-04-23,29CM,29CM,배쓰밤,28,41,545965,98273,447692,19498,0
2026-04-23,29CM,29CM,비누,10,14,205360,36964,168396,20536,0
2026-04-23,29CM,29CM,샤워젤,5,8,159275,28669,130606,31855,0
2026-04-23,29CM,29CM,샴푸바,9,12,285532,51395,234137,31725,0
2026-04-23,29CM,29CM,액세서리,2,2,17412,3134,14278,8706,0
2026-04-23,29CM,29CM,페이스마스크,9,12,253059,45550,207509,28117,0
2026-04-23,29CM,29CM,헤어,6,9,205438,36978,168460,34239,0
2026-04-23,OY,올리브영 온라인,기프트,8,12,913333,136999,776334,114166,0
2026-04-23,OY,올리브영 온라인,립,19,29,397968,59695,338273,20945,0
2026-04-23,OY,올리브영 온라인,마사지바,9,14,302513,45376,257137,33612,0
2026-04-23,OY,올리브영 온라인,바디로션바,5,7,148699,22304,126395,29739,0
2026-04-23,OY,올리브영 온라인,배쓰밤,37,56,782809,117421,665388,21157,1
2026-04-23,OY,올리브영 온라인,비누,12,18,268518,40277,228241,22376,0
2026-04-23,OY,올리브영 온라인,샤워젤,7,10,185226,27783,157443,26460,0
2026-04-23,OY,올리브영 온라인,샴푸바,10,16,366885,55032,311853,36688,0
2026-04-23,OY,올리브영 온라인,액세서리,4,5,45889,6883,39006,11472,0
2026-04-23,OY,올리브영 온라인,페이스마스크,32,49,1037190,155578,881612,32412,0
2026-04-23,OY,올리브영 온라인,헤어,7,12,293539,44030,249509,41934,0
2026-04-24,OWN,자사몰 (lush.co.kr),기프트,21,31,2418881,0,2418881,115184,0
2026-04-24,OWN,자사몰 (lush.co.kr),립,27,48,665512,0,665512,24648,0
2026-04-24,OWN,자사몰 (lush.co.kr),마사지바,30,54,1188336,0,1188336,39611,0
2026-04-24,OWN,자사몰 (lush.co.kr),바디로션바,24,32,699945,0,699945,29164,0
2026-04-24,OWN,자사몰 (lush.co.kr),배쓰밤,133,176,2309750,0,2309750,17366,2
2026-04-24,OWN,자사몰 (lush.co.kr),비누,37,54,811070,0,811070,21920,0
2026-04-24,OWN,자사몰 (lush.co.kr),샤워젤,37,53,988027,0,988027,26703,0
2026-04-24,OWN,자사몰 (lush.co.kr),샴푸바,35,47,1032587,0,1032587,29502,0
2026-04-24,OWN,자사몰 (lush.co.kr),액세서리,14,26,244331,0,244331,17452,0
2026-04-24,OWN,자사몰 (lush.co.kr),페이스마스크,52,96,2145511,0,2145511,41259,0
2026-04-24,OWN,자사몰 (lush.co.kr),헤어,30,42,1007976,0,1007976,33599,0
2026-04-24,NAVER,네이버 브랜드스토어,기프트,14,19,1359248,78836,1280412,97089,0
2026-04-24,NAVER,네이버 브랜드스토어,립,19,32,422145,24484,397661,22218,0
2026-04-24,NAVER,네이버 브랜드스토어,마사지바,10,13,282702,16396,266306,28270,0
2026-04-24,NAVER,네이버 브랜드스토어,바디로션바,10,13,273123,15841,257282,27312,0
2026-04-24,NAVER,네이버 브랜드스토어,배쓰밤,45,59,780487,45268,735219,17344,0
2026-04-24,NAVER,네이버 브랜드스토어,비누,22,39,569677,33041,536636,25894,0
2026-04-24,NAVER,네이버 브랜드스토어,샤워젤,12,16,292140,16944,275196,24345,0
2026-04-24,NAVER,네이버 브랜드스토어,샴푸바,22,38,836162,48497,787665,38007,0
2026-04-24,NAVER,네이버 브랜드스토어,액세서리,4,6,55613,3225,52388,13903,0
2026-04-24,NAVER,네이버 브랜드스토어,페이스마스크,23,37,787855,45695,742160,34254,0
2026-04-24,NAVER,네이버 브랜드스토어,헤어,16,29,671545,38949,632596,41971,0
2026-04-24,KAKAO,카카오 선물하기,기프트,63,110,8195857,901544,7294313,130092,0
2026-04-24,KAKAO,카카오 선물하기,립,24,38,535164,58868,476296,22298,0
2026-04-24,KAKAO,카카오 선물하기,마사지바,19,28,576148,63376,512772,30323,0
2026-04-24,KAKAO,카카오 선물하기,바디로션바,14,21,435426,47896,387530,31101,0
2026-04-24,KAKAO,카카오 선물하기,배쓰밤,70,91,1238663,136252,1102411,17695,1
2026-04-24,KAKAO,카카오 선물하기,비누,21,38,567007,62370,504637,27000,0
2026-04-24,KAKAO,카카오 선물하기,샤워젤,23,34,629494,69244,560250,27369,0
2026-04-24,KAKAO,카카오 선물하기,샴푸바,25,39,895813,98539,797274,35832,0
2026-04-24,KAKAO,카카오 선물하기,액세서리,9,16,143471,15781,127690,15941,0
2026-04-24,KAKAO,카카오 선물하기,페이스마스크,27,50,1117681,122944,994737,41395,0
2026-04-24,KAKAO,카카오 선물하기,헤어,16,21,491777,54095,437682,30736,0
2026-04-24,29CM,29CM,기프트,10,16,1172061,210970,961091,117206,0
2026-04-24,29CM,29CM,립,9,16,226727,40810,185917,25191,0
2026-04-24,29CM,29CM,마사지바,6,8,175089,31516,143573,29181,0
2026-04-24,29CM,29CM,바디로션바,11,15,321649,57896,263753,29240,0
2026-04-24,29CM,29CM,배쓰밤,23,32,439324,79078,360246,19101,0
2026-04-24,29CM,29CM,비누,9,16,231078,41594,189484,25675,0
2026-04-24,29CM,29CM,샤워젤,7,9,171290,30832,140458,24470,0
2026-04-24,29CM,29CM,샴푸바,11,17,401308,72235,329073,36482,0
2026-04-24,29CM,29CM,액세서리,4,6,54358,9784,44574,13589,0
2026-04-24,29CM,29CM,페이스마스크,17,31,658363,118505,539858,38727,0
2026-04-24,29CM,29CM,헤어,6,10,229526,41314,188212,38254,0
2026-04-24,OY,올리브영 온라인,기프트,9,13,956128,143419,812709,106236,0
2026-04-24,OY,올리브영 온라인,립,26,48,635958,95393,540565,24459,0
2026-04-24,OY,올리브영 온라인,마사지바,11,19,385100,57765,327335,35009,0
2026-04-24,OY,올리브영 온라인,바디로션바,8,14,279316,41897,237419,34914,0
2026-04-24,OY,올리브영 온라인,배쓰밤,70,102,1394977,209246,1185731,19928,0
2026-04-24,OY,올리브영 온라인,비누,18,33,498827,74824,424003,27712,0
2026-04-24,OY,올리브영 온라인,샤워젤,10,15,296383,44457,251926,29638,0
2026-04-24,OY,올리브영 온라인,샴푸바,26,47,1130257,169538,960719,43471,0
2026-04-24,OY,올리브영 온라인,액세서리,6,11,102112,15316,86796,17018,0
2026-04-24,OY,올리브영 온라인,페이스마스크,49,79,1726992,259048,1467944,35244,1
2026-04-24,OY,올리브영 온라인,헤어,13,22,532829,79924,452905,40986,0
2026-04-25,OWN,자사몰 (lush.co.kr),기프트,36,56,4067836,0,4067836,112995,0
2026-04-25,OWN,자사몰 (lush.co.kr),립,36,67,960654,0,960654,26684,0
2026-04-25,OWN,자사몰 (lush.co.kr),마사지바,32,56,1147498,0,1147498,35859,0
2026-04-25,OWN,자사몰 (lush.co.kr),바디로션바,26,46,938850,0,938850,36109,0
2026-04-25,OWN,자사몰 (lush.co.kr),배쓰밤,141,196,2577415,0,2577415,18279,2
2026-04-25,OWN,자사몰 (lush.co.kr),비누,42,73,1049957,0,1049957,24998,0
2026-04-25,OWN,자사몰 (lush.co.kr),샤워젤,26,36,682712,0,682712,26258,0
2026-04-25,OWN,자사몰 (lush.co.kr),샴푸바,38,56,1338142,0,1338142,35214,0
2026-04-25,OWN,자사몰 (lush.co.kr),액세서리,18,25,224396,0,224396,12466,0
2026-04-25,OWN,자사몰 (lush.co.kr),페이스마스크,78,106,2218762,0,2218762,28445,1
2026-04-25,OWN,자사몰 (lush.co.kr),헤어,30,56,1327636,0,1327636,44254,0
2026-04-25,NAVER,네이버 브랜드스토어,기프트,16,26,1867901,108338,1759563,116743,0
2026-04-25,NAVER,네이버 브랜드스토어,립,22,33,432187,25066,407121,19644,0
2026-04-25,NAVER,네이버 브랜드스토어,마사지바,22,28,590373,34241,556132,26835,0
2026-04-25,NAVER,네이버 브랜드스토어,바디로션바,11,20,432940,25110,407830,39358,0
2026-04-25,NAVER,네이버 브랜드스토어,배쓰밤,114,148,1962224,113808,1848416,17212,1
2026-04-25,NAVER,네이버 브랜드스토어,비누,36,54,797537,46257,751280,22153,0
2026-04-25,NAVER,네이버 브랜드스토어,샤워젤,20,32,580058,33643,546415,29002,0
2026-04-25,NAVER,네이버 브랜드스토어,샴푸바,28,37,858051,49766,808285,30644,0
2026-04-25,NAVER,네이버 브랜드스토어,액세서리,10,17,148291,8600,139691,14829,0
2026-04-25,NAVER,네이버 브랜드스토어,페이스마스크,35,66,1363309,79071,1284238,38951,0
2026-04-25,NAVER,네이버 브랜드스토어,헤어,20,32,776951,45063,731888,38847,0
2026-04-25,KAKAO,카카오 선물하기,기프트,58,84,6333578,696693,5636885,109199,1
2026-04-25,KAKAO,카카오 선물하기,립,18,29,403825,44420,359405,22434,0
2026-04-25,KAKAO,카카오 선물하기,마사지바,22,37,792144,87135,705009,36006,0
2026-04-25,KAKAO,카카오 선물하기,바디로션바,13,20,411333,45246,366087,31641,0
2026-04-25,KAKAO,카카오 선물하기,배쓰밤,80,142,1893871,208325,1685546,23673,1
2026-04-25,KAKAO,카카오 선물하기,비누,24,35,494339,54377,439962,20597,0
2026-04-25,KAKAO,카카오 선물하기,샤워젤,16,21,402498,44274,358224,25156,0
2026-04-25,KAKAO,카카오 선물하기,샴푸바,23,36,798964,87886,711078,34737,0
2026-04-25,KAKAO,카카오 선물하기,액세서리,10,17,154212,16963,137249,15421,0
2026-04-25,KAKAO,카카오 선물하기,페이스마스크,35,48,1046892,115158,931734,29911,0
2026-04-25,KAKAO,카카오 선물하기,헤어,18,29,711311,78244,633067,39517,0
2026-04-25,29CM,29CM,기프트,8,11,792440,142639,649801,99055,0
2026-04-25,29CM,29CM,립,7,12,159935,28788,131147,22847,0
2026-04-25,29CM,29CM,마사지바,8,13,270201,48636,221565,33775,0
2026-04-25,29CM,29CM,바디로션바,8,11,227001,40860,186141,28375,0
2026-04-25,29CM,29CM,배쓰밤,35,52,741999,133559,608440,21199,0
2026-04-25,29CM,29CM,비누,13,16,238570,42942,195628,18351,0
2026-04-25,29CM,29CM,샤워젤,8,12,239134,43044,196090,29891,0
2026-04-25,29CM,29CM,샴푸바,16,23,534497,96209,438288,33406,0
2026-04-25,29CM,29CM,액세서리,5,8,71408,12853,58555,14281,0
2026-04-25,29CM,29CM,페이스마스크,17,29,642218,115599,526619,37777,0
2026-04-25,29CM,29CM,헤어,5,7,169835,30570,139265,33967,0
2026-04-25,OY,올리브영 온라인,기프트,10,16,1217466,182619,1034847,121746,0
2026-04-25,OY,올리브영 온라인,립,29,53,760088,114013,646075,26209,0
2026-04-25,OY,올리브영 온라인,마사지바,13,20,438892,65833,373059,33760,0
2026-04-25,OY,올리브영 온라인,바디로션바,9,15,316484,47472,269012,35164,0
2026-04-25,OY,올리브영 온라인,배쓰밤,65,86,1158477,173771,984706,17822,1
2026-04-25,OY,올리브영 온라인,비누,19,33,477280,71592,405688,25120,0
2026-04-25,OY,올리브영 온라인,샤워젤,17,31,595405,89310,506095,35023,0
2026-04-25,OY,올리브영 온라인,샴푸바,18,29,663616,99542,564074,36867,0
2026-04-25,OY,올리브영 온라인,액세서리,6,7,61295,9194,52101,10215,0
2026-04-25,OY,올리브영 온라인,페이스마스크,37,53,1143003,171450,971553,30891,0
2026-04-25,OY,올리브영 온라인,헤어,15,23,534931,80239,454692,35662,0
2026-04-26,OWN,자사몰 (lush.co.kr),기프트,29,42,3220163,0,3220163,111040,0
2026-04-26,OWN,자사몰 (lush.co.kr),립,31,49,699975,0,699975,22579,0
2026-04-26,OWN,자사몰 (lush.co.kr),마사지바,26,38,805999,0,805999,30999,0
2026-04-26,OWN,자사몰 (lush.co.kr),바디로션바,26,37,789532,0,789532,30366,0
2026-04-26,OWN,자사몰 (lush.co.kr),배쓰밤,89,128,1839399,0,1839399,20667,1
2026-04-26,OWN,자사몰 (lush.co.kr),비누,33,53,745464,0,745464,22589,0
2026-04-26,OWN,자사몰 (lush.co.kr),샤워젤,21,35,694697,0,694697,33080,0
2026-04-26,OWN,자사몰 (lush.co.kr),샴푸바,32,55,1234411,0,1234411,38575,0
2026-04-26,OWN,자사몰 (lush.co.kr),액세서리,13,20,187307,0,187307,14408,0
2026-04-26,OWN,자사몰 (lush.co.kr),페이스마스크,39,52,1166268,0,1166268,29904,0
2026-04-26,OWN,자사몰 (lush.co.kr),헤어,25,40,899447,0,899447,35977,0
2026-04-26,NAVER,네이버 브랜드스토어,기프트,18,23,1665138,96578,1568560,92507,0
2026-04-26,NAVER,네이버 브랜드스토어,립,24,44,629303,36499,592804,26220,0
2026-04-26,NAVER,네이버 브랜드스토어,마사지바,15,20,431171,25007,406164,28744,0
2026-04-26,NAVER,네이버 브랜드스토어,바디로션바,12,16,341644,19815,321829,28470,0
2026-04-26,NAVER,네이버 브랜드스토어,배쓰밤,54,95,1282399,74379,1208020,23748,0
2026-04-26,NAVER,네이버 브랜드스토어,비누,19,35,518934,30098,488836,27312,0
2026-04-26,NAVER,네이버 브랜드스토어,샤워젤,19,35,682721,39597,643124,35932,0
2026-04-26,NAVER,네이버 브랜드스토어,샴푸바,20,30,691523,40108,651415,34576,0
2026-04-26,NAVER,네이버 브랜드스토어,액세서리,6,11,101547,5889,95658,16924,0
2026-04-26,NAVER,네이버 브랜드스토어,페이스마스크,28,42,926185,53718,872467,33078,0
2026-04-26,NAVER,네이버 브랜드스토어,헤어,15,26,593425,34418,559007,39561,0
2026-04-26,KAKAO,카카오 선물하기,기프트,62,108,7680307,844833,6835474,123875,1
2026-04-26,KAKAO,카카오 선물하기,립,19,32,455390,50092,405298,23967,0
2026-04-26,KAKAO,카카오 선물하기,마사지바,20,30,638979,70287,568692,31948,0
2026-04-26,KAKAO,카카오 선물하기,바디로션바,10,15,299367,32930,266437,29936,0
2026-04-26,KAKAO,카카오 선물하기,배쓰밤,107,199,2766844,304352,2462492,25858,1
2026-04-26,KAKAO,카카오 선물하기,비누,32,60,901494,99164,802330,28171,0
2026-04-26,KAKAO,카카오 선물하기,샤워젤,25,41,783784,86216,697568,31351,0
2026-04-26,KAKAO,카카오 선물하기,샴푸바,23,36,869080,95598,773482,37786,0
2026-04-26,KAKAO,카카오 선물하기,액세서리,8,13,111530,12268,99262,13941,0
2026-04-26,KAKAO,카카오 선물하기,페이스마스크,31,46,1020862,112294,908568,32931,0
2026-04-26,KAKAO,카카오 선물하기,헤어,21,27,621823,68400,553423,29610,0
2026-04-26,29CM,29CM,기프트,7,10,717542,129157,588385,102506,0
2026-04-26,29CM,29CM,립,7,9,123380,22208,101172,17625,0
2026-04-26,29CM,29CM,마사지바,5,7,139984,25197,114787,27996,0
2026-04-26,29CM,29CM,바디로션바,6,10,217759,39196,178563,36293,0
2026-04-26,29CM,29CM,배쓰밤,29,52,702606,126469,576137,24227,0
2026-04-26,29CM,29CM,비누,7,10,150631,27113,123518,21518,0
2026-04-26,29CM,29CM,샤워젤,5,8,147919,26625,121294,29583,0
2026-04-26,29CM,29CM,샴푸바,11,17,392615,70670,321945,35692,0
2026-04-26,29CM,29CM,액세서리,3,4,36278,6530,29748,12092,0
2026-04-26,29CM,29CM,페이스마스크,10,16,337035,60666,276369,33703,0
2026-04-26,29CM,29CM,헤어,6,7,171389,30850,140539,28564,0
2026-04-26,OY,올리브영 온라인,기프트,9,11,782404,117360,665044,86933,0
2026-04-26,OY,올리브영 온라인,립,28,38,518137,77720,440417,18504,0
2026-04-26,OY,올리브영 온라인,마사지바,10,16,328079,49211,278868,32807,0
2026-04-26,OY,올리브영 온라인,바디로션바,9,15,301833,45274,256559,33537,0
2026-04-26,OY,올리브영 온라인,배쓰밤,57,93,1320820,198123,1122697,23172,1
2026-04-26,OY,올리브영 온라인,비누,12,17,251631,37744,213887,20969,0
2026-04-26,OY,올리브영 온라인,샤워젤,16,29,551533,82729,468804,34470,0
2026-04-26,OY,올리브영 온라인,샴푸바,13,20,449572,67435,382137,34582,0
2026-04-26,OY,올리브영 온라인,액세서리,6,8,72342,10851,61491,12057,0
2026-04-26,OY,올리브영 온라인,페이스마스크,33,56,1166973,175045,991928,35362,0
2026-04-26,OY,올리브영 온라인,헤어,10,15,355699,53354,302345,35569,0
2026-04-27,OWN,자사몰 (lush.co.kr),기프트,11,19,1359321,0,1359321,123574,0
2026-04-27,OWN,자사몰 (lush.co.kr),립,19,30,429590,0,429590,22610,0
2026-04-27,OWN,자사몰 (lush.co.kr),마사지바,10,14,283068,0,283068,28306,0
2026-04-27,OWN,자사몰 (lush.co.kr),바디로션바,12,16,341746,0,341746,28478,0
2026-04-27,OWN,자사몰 (lush.co.kr),배쓰밤,45,85,1193016,0,1193016,26511,0
2026-04-27,OWN,자사몰 (lush.co.kr),비누,22,30,422738,0,422738,19215,0
2026-04-27,OWN,자사몰 (lush.co.kr),샤워젤,16,27,524144,0,524144,32759,0
2026-04-27,OWN,자사몰 (lush.co.kr),샴푸바,15,20,446491,0,446491,29766,0
2026-04-27,OWN,자사몰 (lush.co.kr),액세서리,7,12,111983,0,111983,15997,0
2026-04-27,OWN,자사몰 (lush.co.kr),페이스마스크,25,42,919282,0,919282,36771,0
2026-04-27,OWN,자사몰 (lush.co.kr),헤어,10,16,364974,0,364974,36497,0
2026-04-27,NAVER,네이버 브랜드스토어,기프트,12,20,1485167,86139,1399028,123763,0
2026-04-27,NAVER,네이버 브랜드스토어,립,13,18,244359,14172,230187,18796,0
2026-04-27,NAVER,네이버 브랜드스토어,마사지바,11,19,408908,23716,385192,37173,0
2026-04-27,NAVER,네이버 브랜드스토어,바디로션바,6,8,164425,9536,154889,27404,0
2026-04-27,NAVER,네이버 브랜드스토어,배쓰밤,38,66,901779,52303,849476,23731,0
2026-04-27,NAVER,네이버 브랜드스토어,비누,11,17,241648,14015,227633,21968,0
2026-04-27,NAVER,네이버 브랜드스토어,샤워젤,9,16,314319,18230,296089,34924,0
2026-04-27,NAVER,네이버 브랜드스토어,샴푸바,14,22,502869,29166,473703,35919,0
2026-04-27,NAVER,네이버 브랜드스토어,액세서리,5,8,71168,4127,67041,14233,0
2026-04-27,NAVER,네이버 브랜드스토어,페이스마스크,20,33,684290,39688,644602,34214,0
2026-04-27,NAVER,네이버 브랜드스토어,헤어,9,13,293244,17008,276236,32582,0
2026-04-27,KAKAO,카카오 선물하기,기프트,29,44,3127727,344049,2783678,107852,0
2026-04-27,KAKAO,카카오 선물하기,립,11,20,266557,29321,237236,24232,0
2026-04-27,KAKAO,카카오 선물하기,마사지바,14,26,565429,62197,503232,40387,0
2026-04-27,KAKAO,카카오 선물하기,바디로션바,11,20,425355,46789,378566,38668,0
2026-04-27,KAKAO,카카오 선물하기,배쓰밤,36,67,902054,99225,802829,25057,0
2026-04-27,KAKAO,카카오 선물하기,비누,17,27,371982,40918,331064,21881,0
2026-04-27,KAKAO,카카오 선물하기,샤워젤,10,14,273026,30032,242994,27302,0
2026-04-27,KAKAO,카카오 선물하기,샴푸바,22,36,838668,92253,746415,38121,0
2026-04-27,KAKAO,카카오 선물하기,액세서리,7,11,97583,10734,86849,13940,0
2026-04-27,KAKAO,카카오 선물하기,페이스마스크,24,44,929418,102235,827183,38725,0
2026-04-27,KAKAO,카카오 선물하기,헤어,10,17,400797,44087,356710,40079,0
2026-04-27,29CM,29CM,기프트,6,10,713837,128490,585347,118972,0
2026-04-27,29CM,29CM,립,4,7,92844,16711,76133,23211,0
2026-04-27,29CM,29CM,마사지바,5,6,128280,23090,105190,25656,0
2026-04-27,29CM,29CM,바디로션바,5,6,128999,23219,105780,25799,0
2026-04-27,29CM,29CM,배쓰밤,14,20,285458,51382,234076,20389,0
2026-04-27,29CM,29CM,비누,8,13,195847,35252,160595,24480,0
2026-04-27,29CM,29CM,샤워젤,3,5,96061,17290,78771,32020,0
2026-04-27,29CM,29CM,샴푸바,5,8,188534,33936,154598,37706,0
2026-04-27,29CM,29CM,액세서리,1,1,8799,1583,7216,8799,0
2026-04-27,29CM,29CM,페이스마스크,9,15,336245,60524,275721,37360,0
2026-04-27,29CM,29CM,헤어,5,8,195284,35151,160133,39056,0
2026-04-27,OY,올리브영 온라인,기프트,5,8,564938,84740,480198,112987,0
2026-04-27,OY,올리브영 온라인,립,21,36,494769,74215,420554,23560,0
2026-04-27,OY,올리브영 온라인,마사지바,8,15,317258,47588,269670,39657,0
2026-04-27,OY,올리브영 온라인,바디로션바,4,7,143093,21463,121630,35773,0
2026-04-27,OY,올리브영 온라인,배쓰밤,26,46,611145,91671,519474,23505,0
2026-04-27,OY,올리브영 온라인,비누,7,10,146720,22008,124712,20960,0
2026-04-27,OY,올리브영 온라인,샤워젤,9,15,281199,42179,239020,31244,0
2026-04-27,OY,올리브영 온라인,샴푸바,13,23,525393,78808,446585,40414,0
2026-04-27,OY,올리브영 온라인,액세서리,4,5,44451,6667,37784,11112,0
2026-04-27,OY,올리브영 온라인,페이스마스크,18,25,555931,83389,472542,30885,0
2026-04-27,OY,올리브영 온라인,헤어,5,6,134982,20247,114735,26996,0
2026-04-28,OWN,자사몰 (lush.co.kr),기프트,15,20,1518436,0,1518436,101229,0
2026-04-28,OWN,자사몰 (lush.co.kr),립,22,35,497510,0,497510,22614,0
2026-04-28,OWN,자사몰 (lush.co.kr),마사지바,17,28,578006,0,578006,34000,0
2026-04-28,OWN,자사몰 (lush.co.kr),바디로션바,13,21,448078,0,448078,34467,0
2026-04-28,OWN,자사몰 (lush.co.kr),배쓰밤,61,85,1203707,0,1203707,19732,0
2026-04-28,OWN,자사몰 (lush.co.kr),비누,18,29,438422,0,438422,24356,0
2026-04-28,OWN,자사몰 (lush.co.kr),샤워젤,18,25,465287,0,465287,25849,0
2026-04-28,OWN,자사몰 (lush.co.kr),샴푸바,22,29,672429,0,672429,30564,0
2026-04-28,OWN,자사몰 (lush.co.kr),액세서리,5,6,55279,0,55279,11055,0
2026-04-28,OWN,자사몰 (lush.co.kr),페이스마스크,32,52,1106217,0,1106217,34569,0
2026-04-28,OWN,자사몰 (lush.co.kr),헤어,15,26,583678,0,583678,38911,0
2026-04-28,NAVER,네이버 브랜드스토어,기프트,11,15,1064909,61764,1003145,96809,0
2026-04-28,NAVER,네이버 브랜드스토어,립,13,17,233239,13527,219712,17941,0
2026-04-28,NAVER,네이버 브랜드스토어,마사지바,9,12,245980,14266,231714,27331,0
2026-04-28,NAVER,네이버 브랜드스토어,바디로션바,9,11,230780,13385,217395,25642,0
2026-04-28,NAVER,네이버 브랜드스토어,배쓰밤,35,62,866283,50244,816039,24750,0
2026-04-28,NAVER,네이버 브랜드스토어,비누,11,17,244580,14185,230395,22234,0
2026-04-28,NAVER,네이버 브랜드스토어,샤워젤,8,14,264959,15367,249592,33119,0
2026-04-28,NAVER,네이버 브랜드스토어,샴푸바,21,31,679710,39423,640287,32367,0
2026-04-28,NAVER,네이버 브랜드스토어,액세서리,3,5,42858,2485,40373,14286,0
2026-04-28,NAVER,네이버 브랜드스토어,페이스마스크,14,20,441075,25582,415493,31505,0
2026-04-28,NAVER,네이버 브랜드스토어,헤어,10,13,296042,17170,278872,29604,0
2026-04-28,KAKAO,카카오 선물하기,기프트,33,53,3889057,427796,3461261,117850,0
2026-04-28,KAKAO,카카오 선물하기,립,14,23,321224,35334,285890,22944,0
2026-04-28,KAKAO,카카오 선물하기,마사지바,8,13,281045,30914,250131,35130,0
2026-04-28,KAKAO,카카오 선물하기,바디로션바,6,8,162275,17850,144425,27045,0
2026-04-28,KAKAO,카카오 선물하기,배쓰밤,34,57,784024,86242,697782,23059,0
2026-04-28,KAKAO,카카오 선물하기,비누,14,24,335840,36942,298898,23988,0
2026-04-28,KAKAO,카카오 선물하기,샤워젤,9,15,271960,29915,242045,30217,0
2026-04-28,KAKAO,카카오 선물하기,샴푸바,11,17,372476,40972,331504,33861,0
2026-04-28,KAKAO,카카오 선물하기,액세서리,3,4,35084,3859,31225,11694,0
2026-04-28,KAKAO,카카오 선물하기,페이스마스크,17,25,538354,59218,479136,31667,0
2026-04-28,KAKAO,카카오 선물하기,헤어,8,13,297428,32717,264711,37178,0
2026-04-28,29CM,29CM,기프트,4,5,377662,67979,309683,94415,0
2026-04-28,29CM,29CM,립,6,10,134962,24293,110669,22493,0
2026-04-28,29CM,29CM,마사지바,4,6,120368,21666,98702,30092,0
2026-04-28,29CM,29CM,바디로션바,4,7,147856,26614,121242,36964,0
2026-04-28,29CM,29CM,배쓰밤,21,27,374501,67410,307091,17833,0
2026-04-28,29CM,29CM,비누,7,12,168514,30332,138182,24073,0
2026-04-28,29CM,29CM,샤워젤,3,3,54847,9872,44975,18282,0
2026-04-28,29CM,29CM,샴푸바,7,9,208154,37467,170687,29736,0
2026-04-28,29CM,29CM,액세서리,1,1,8782,1580,7202,8782,0
2026-04-28,29CM,29CM,페이스마스크,6,11,236463,42563,193900,39410,0
2026-04-28,29CM,29CM,헤어,3,4,96480,17366,79114,32160,0
2026-04-28,OY,올리브영 온라인,기프트,5,6,426622,63993,362629,85324,0
2026-04-28,OY,올리브영 온라인,립,15,22,290770,43615,247155,19384,0
2026-04-28,OY,올리브영 온라인,마사지바,6,10,208060,31209,176851,34676,0
2026-04-28,OY,올리브영 온라인,바디로션바,4,6,128734,19310,109424,32183,0
2026-04-28,OY,올리브영 온라인,배쓰밤,31,50,665400,99810,565590,21464,0
2026-04-28,OY,올리브영 온라인,비누,10,13,195539,29330,166209,19553,0
2026-04-28,OY,올리브영 온라인,샤워젤,6,11,206698,31004,175694,34449,0
2026-04-28,OY,올리브영 온라인,샴푸바,11,19,453006,67950,385056,41182,0
2026-04-28,OY,올리브영 온라인,액세서리,2,2,18316,2747,15569,9158,0
2026-04-28,OY,올리브영 온라인,페이스마스크,23,33,742081,111312,630769,32264,0
2026-04-28,OY,올리브영 온라인,헤어,4,5,116057,17408,98649,29014,0
2026-04-29,OWN,자사몰 (lush.co.kr),기프트,12,19,1456782,0,1456782,121398,0
2026-04-29,OWN,자사몰 (lush.co.kr),립,23,40,559282,0,559282,24316,0
2026-04-29,OWN,자사몰 (lush.co.kr),마사지바,14,22,447144,0,447144,31938,0
2026-04-29,OWN,자사몰 (lush.co.kr),바디로션바,10,18,376702,0,376702,37670,0
2026-04-29,OWN,자사몰 (lush.co.kr),배쓰밤,47,80,1045314,0,1045314,22240,0
2026-04-29,OWN,자사몰 (lush.co.kr),비누,15,27,381274,0,381274,25418,0
2026-04-29,OWN,자사몰 (lush.co.kr),샤워젤,13,22,411941,0,411941,31687,0
2026-04-29,OWN,자사몰 (lush.co.kr),샴푸바,19,28,657451,0,657451,34602,0
2026-04-29,OWN,자사몰 (lush.co.kr),액세서리,5,6,51851,0,51851,10370,0
2026-04-29,OWN,자사몰 (lush.co.kr),페이스마스크,29,46,1010881,0,1010881,34857,0
2026-04-29,OWN,자사몰 (lush.co.kr),헤어,14,23,524210,0,524210,37443,0
2026-04-29,NAVER,네이버 브랜드스토어,기프트,8,11,809898,46974,762924,101237,0
2026-04-29,NAVER,네이버 브랜드스토어,립,10,18,254728,14774,239954,25472,0
2026-04-29,NAVER,네이버 브랜드스토어,마사지바,12,22,467168,27095,440073,38930,0
2026-04-29,NAVER,네이버 브랜드스토어,바디로션바,9,13,269979,15658,254321,29997,0
2026-04-29,NAVER,네이버 브랜드스토어,배쓰밤,45,69,950267,55115,895152,21117,0
2026-04-29,NAVER,네이버 브랜드스토어,비누,18,23,322989,18733,304256,17943,0
2026-04-29,NAVER,네이버 브랜드스토어,샤워젤,14,18,328550,19055,309495,23467,0
2026-04-29,NAVER,네이버 브랜드스토어,샴푸바,12,16,371576,21551,350025,30964,0
2026-04-29,NAVER,네이버 브랜드스토어,액세서리,4,6,53850,3123,50727,13462,0
2026-04-29,NAVER,네이버 브랜드스토어,페이스마스크,16,23,518186,30054,488132,32386,0
2026-04-29,NAVER,네이버 브랜드스토어,헤어,11,17,379647,22019,357628,34513,0
2026-04-29,KAKAO,카카오 선물하기,기프트,29,51,3652221,401744,3250477,125938,0
2026-04-29,KAKAO,카카오 선물하기,립,12,16,210426,23146,187280,17535,0
2026-04-29,KAKAO,카카오 선물하기,마사지바,12,17,358400,39424,318976,29866,0
2026-04-29,KAKAO,카카오 선물하기,바디로션바,8,12,260519,28657,231862,32564,0
2026-04-29,KAKAO,카카오 선물하기,배쓰밤,56,86,1139390,125332,1014058,20346,1
2026-04-29,KAKAO,카카오 선물하기,비누,20,33,478780,52665,426115,23939,0
2026-04-29,KAKAO,카카오 선물하기,샤워젤,11,16,301515,33166,268349,27410,0
2026-04-29,KAKAO,카카오 선물하기,샴푸바,22,37,881404,96954,784450,40063,0
2026-04-29,KAKAO,카카오 선물하기,액세서리,5,7,64557,7101,57456,12911,0
2026-04-29,KAKAO,카카오 선물하기,페이스마스크,22,38,803723,88409,715314,36532,0
2026-04-29,KAKAO,카카오 선물하기,헤어,9,14,338565,37242,301323,37618,0
2026-04-29,29CM,29CM,기프트,5,6,458501,82530,375971,91700,0
2026-04-29,29CM,29CM,립,4,5,71683,12902,58781,17920,0
2026-04-29,29CM,29CM,마사지바,3,4,87230,15701,71529,29076,0
2026-04-29,29CM,29CM,바디로션바,7,9,182460,32842,149618,26065,0
2026-04-29,29CM,29CM,배쓰밤,19,33,434013,78122,355891,22842,0
2026-04-29,29CM,29CM,비누,5,9,128618,23151,105467,25723,0
2026-04-29,29CM,29CM,샤워젤,5,7,133958,24112,109846,26791,0
2026-04-29,29CM,29CM,샴푸바,9,13,300834,54150,246684,33426,0
2026-04-29,29CM,29CM,액세서리,2,3,27894,5020,22874,13947,0
2026-04-29,29CM,29CM,페이스마스크,12,16,337257,60706,276551,28104,0
2026-04-29,29CM,29CM,헤어,5,9,217427,39136,178291,43485,0
2026-04-29,OY,올리브영 온라인,기프트,8,14,1065294,159794,905500,133161,0
2026-04-29,OY,올리브영 온라인,립,15,21,291165,43674,247491,19411,0
2026-04-29,OY,올리브영 온라인,마사지바,5,6,124369,18655,105714,24873,0
2026-04-29,OY,올리브영 온라인,바디로션바,4,7,147108,22066,125042,36777,0
2026-04-29,OY,올리브영 온라인,배쓰밤,33,44,590101,88515,501586,17881,0
2026-04-29,OY,올리브영 온라인,비누,12,20,288640,43296,245344,24053,0
2026-04-29,OY,올리브영 온라인,샤워젤,9,13,249416,37412,212004,27712,0
2026-04-29,OY,올리브영 온라인,샴푸바,14,21,489012,73351,415661,34929,0
2026-04-29,OY,올리브영 온라인,액세서리,4,6,55783,8367,47416,13945,0
2026-04-29,OY,올리브영 온라인,페이스마스크,28,48,1050153,157522,892631,37505,0
2026-04-29,OY,올리브영 온라인,헤어,8,10,235521,35328,200193,29440,0
2026-04-30,OWN,자사몰 (lush.co.kr),기프트,18,30,2245333,0,2245333,124740,0
2026-04-30,OWN,자사몰 (lush.co.kr),립,23,33,463280,0,463280,20142,0
2026-04-30,OWN,자사몰 (lush.co.kr),마사지바,18,31,674229,0,674229,37457,0
2026-04-30,OWN,자사몰 (lush.co.kr),바디로션바,17,23,499382,0,499382,29375,0
2026-04-30,OWN,자사몰 (lush.co.kr),배쓰밤,67,118,1661261,0,1661261,24794,0
2026-04-30,OWN,자사몰 (lush.co.kr),비누,26,48,665012,0,665012,25577,0
2026-04-30,OWN,자사몰 (lush.co.kr),샤워젤,14,22,403579,0,403579,28827,0
2026-04-30,OWN,자사몰 (lush.co.kr),샴푸바,28,43,1027729,0,1027729,36704,0
2026-04-30,OWN,자사몰 (lush.co.kr),액세서리,6,8,72443,0,72443,12073,0
2026-04-30,OWN,자사몰 (lush.co.kr),페이스마스크,28,46,971769,0,971769,34706,0
2026-04-30,OWN,자사몰 (lush.co.kr),헤어,21,35,855278,0,855278,40727,0
2026-04-30,NAVER,네이버 브랜드스토어,기프트,11,14,1073840,62282,1011558,97621,0
2026-04-30,NAVER,네이버 브랜드스토어,립,10,15,203103,11779,191324,20310,0
2026-04-30,NAVER,네이버 브랜드스토어,마사지바,13,23,486200,28199,458001,37400,0
2026-04-30,NAVER,네이버 브랜드스토어,바디로션바,6,10,215965,12525,203440,35994,0
2026-04-30,NAVER,네이버 브랜드스토어,배쓰밤,58,94,1242290,72052,1170238,21418,1
2026-04-30,NAVER,네이버 브랜드스토어,비누,12,19,277508,16095,261413,23125,0
2026-04-30,NAVER,네이버 브랜드스토어,샤워젤,13,24,443078,25698,417380,34082,0
2026-04-30,NAVER,네이버 브랜드스토어,샴푸바,21,28,665291,38586,626705,31680,0
2026-04-30,NAVER,네이버 브랜드스토어,액세서리,6,10,88323,5122,83201,14720,0
2026-04-30,NAVER,네이버 브랜드스토어,페이스마스크,26,35,778333,45143,733190,29935,0
2026-04-30,NAVER,네이버 브랜드스토어,헤어,10,13,308176,17874,290302,30817,0
2026-04-30,KAKAO,카카오 선물하기,기프트,35,64,4926045,541864,4384181,140744,0
2026-04-30,KAKAO,카카오 선물하기,립,14,24,311632,34279,277353,22259,0
2026-04-30,KAKAO,카카오 선물하기,마사지바,13,21,458963,50485,408478,35304,0
2026-04-30,KAKAO,카카오 선물하기,바디로션바,14,19,418138,45995,372143,29867,0
2026-04-30,KAKAO,카카오 선물하기,배쓰밤,52,70,929590,102254,827336,17876,0
2026-04-30,KAKAO,카카오 선물하기,비누,24,43,593914,65330,528584,24746,0
2026-04-30,KAKAO,카카오 선물하기,샤워젤,14,18,347071,38177,308894,24790,0
2026-04-30,KAKAO,카카오 선물하기,샴푸바,24,32,753496,82884,670612,31395,0
2026-04-30,KAKAO,카카오 선물하기,액세서리,6,8,72932,8022,64910,12155,0
2026-04-30,KAKAO,카카오 선물하기,페이스마스크,28,43,916284,100791,815493,32724,0
2026-04-30,KAKAO,카카오 선물하기,헤어,15,21,482633,53089,429544,32175,0
2026-04-30,29CM,29CM,기프트,6,8,574585,103425,471160,95764,0
2026-04-30,29CM,29CM,립,6,8,108275,19489,88786,18045,0
2026-04-30,29CM,29CM,마사지바,5,8,165388,29769,135619,33077,0
2026-04-30,29CM,29CM,바디로션바,4,7,150307,27055,123252,37576,0
2026-04-30,29CM,29CM,배쓰밤,28,51,732376,131827,600549,26156,0
2026-04-30,29CM,29CM,비누,9,12,178832,32189,146643,19870,0
2026-04-30,29CM,29CM,샤워젤,7,11,204042,36727,167315,29148,0
2026-04-30,29CM,29CM,샴푸바,6,9,198496,35729,162767,33082,0
2026-04-30,29CM,29CM,액세서리,3,4,37550,6759,30791,12516,0
2026-04-30,29CM,29CM,페이스마스크,11,16,342871,61716,281155,31170,0
2026-04-30,29CM,29CM,헤어,4,5,123329,22199,101130,30832,0
2026-04-30,OY,올리브영 온라인,기프트,6,8,587520,88128,499392,97920,0
2026-04-30,OY,올리브영 온라인,립,19,34,486949,73042,413907,25628,0
2026-04-30,OY,올리브영 온라인,마사지바,8,13,286006,42900,243106,35750,0
2026-04-30,OY,올리브영 온라인,바디로션바,5,7,152753,22912,129841,30550,0
2026-04-30,OY,올리브영 온라인,배쓰밤,34,56,784537,117680,666857,23074,0
2026-04-30,OY,올리브영 온라인,비누,13,17,255475,38321,217154,19651,0
2026-04-30,OY,올리브영 온라인,샤워젤,7,12,226430,33964,192466,32347,0
2026-04-30,OY,올리브영 온라인,샴푸바,10,15,351280,52692,298588,35128,0
2026-04-30,OY,올리브영 온라인,액세서리,3,4,37539,5630,31909,12513,0
2026-04-30,OY,올리브영 온라인,페이스마스크,34,54,1162554,174383,988171,34192,1
2026-04-30,OY,올리브영 온라인,헤어,6,10,238267,35740,202527,39711,0
2026-05-01,OWN,자사몰 (lush.co.kr),기프트,23,41,2926472,0,2926472,127237,0
2026-05-01,OWN,자사몰 (lush.co.kr),립,30,56,740201,0,740201,24673,0
2026-05-01,OWN,자사몰 (lush.co.kr),마사지바,25,39,837937,0,837937,33517,0
2026-05-01,OWN,자사몰 (lush.co.kr),바디로션바,15,23,498761,0,498761,33250,0
2026-05-01,OWN,자사몰 (lush.co.kr),배쓰밤,107,195,2764488,0,2764488,25836,1
2026-05-01,OWN,자사몰 (lush.co.kr),비누,37,55,759950,0,759950,20539,0
2026-05-01,OWN,자사몰 (lush.co.kr),샤워젤,30,56,1013238,0,1013238,33774,0
2026-05-01,OWN,자사몰 (lush.co.kr),샴푸바,39,67,1530011,0,1530011,39231,0
2026-05-01,OWN,자사몰 (lush.co.kr),액세서리,14,22,201962,0,201962,14425,0
2026-05-01,OWN,자사몰 (lush.co.kr),페이스마스크,56,80,1703674,0,1703674,30422,1
2026-05-01,OWN,자사몰 (lush.co.kr),헤어,17,30,695488,0,695488,40911,0
2026-05-01,NAVER,네이버 브랜드스토어,기프트,9,16,1151328,66777,1084551,127925,0
2026-05-01,NAVER,네이버 브랜드스토어,립,15,20,286785,16633,270152,19119,0
2026-05-01,NAVER,네이버 브랜드스토어,마사지바,14,18,371764,21562,350202,26554,0
2026-05-01,NAVER,네이버 브랜드스토어,바디로션바,13,22,457607,26541,431066,35200,0
2026-05-01,NAVER,네이버 브랜드스토어,배쓰밤,45,76,1086707,63029,1023678,24149,0
2026-05-01,NAVER,네이버 브랜드스토어,비누,20,29,416207,24140,392067,20810,0
2026-05-01,NAVER,네이버 브랜드스토어,샤워젤,16,21,402616,23351,379265,25163,0
2026-05-01,NAVER,네이버 브랜드스토어,샴푸바,18,28,651017,37758,613259,36167,0
2026-05-01,NAVER,네이버 브랜드스토어,액세서리,6,7,60847,3529,57318,10141,0
2026-05-01,NAVER,네이버 브랜드스토어,페이스마스크,18,26,532945,30910,502035,29608,0
2026-05-01,NAVER,네이버 브랜드스토어,헤어,14,23,542785,31481,511304,38770,0
2026-05-01,KAKAO,카카오 선물하기,기프트,54,86,6259614,688557,5571057,115918,0
2026-05-01,KAKAO,카카오 선물하기,립,26,39,545548,60010,485538,20982,0
2026-05-01,KAKAO,카카오 선물하기,마사지바,17,28,575273,63280,511993,33839,0
2026-05-01,KAKAO,카카오 선물하기,바디로션바,13,20,433030,47633,385397,33310,0
2026-05-01,KAKAO,카카오 선물하기,배쓰밤,84,131,1769024,194592,1574432,21059,0
2026-05-01,KAKAO,카카오 선물하기,비누,30,46,659696,72566,587130,21989,0
2026-05-01,KAKAO,카카오 선물하기,샤워젤,22,37,669693,73666,596027,30440,0
2026-05-01,KAKAO,카카오 선물하기,샴푸바,23,40,962644,105890,856754,41854,0
2026-05-01,KAKAO,카카오 선물하기,액세서리,8,15,134931,14842,120089,16866,0
2026-05-01,KAKAO,카카오 선물하기,페이스마스크,30,41,892398,98163,794235,29746,0
2026-05-01,KAKAO,카카오 선물하기,헤어,16,27,612540,67379,545161,38283,0
2026-05-01,29CM,29CM,기프트,9,14,1066658,191998,874660,118517,0
2026-05-01,29CM,29CM,립,7,11,142826,25708,117118,20403,0
2026-05-01,29CM,29CM,마사지바,6,10,207242,37303,169939,34540,0
2026-05-01,29CM,29CM,바디로션바,8,13,283040,50947,232093,35380,0
2026-05-01,29CM,29CM,배쓰밤,25,43,579195,104255,474940,23167,0
2026-05-01,29CM,29CM,비누,6,10,140184,25233,114951,23364,0
2026-05-01,29CM,29CM,샤워젤,5,8,157357,28324,129033,31471,0
2026-05-01,29CM,29CM,샴푸바,7,11,252005,45360,206645,36000,0
2026-05-01,29CM,29CM,액세서리,2,3,27300,4914,22386,13650,0
2026-05-01,29CM,29CM,페이스마스크,9,16,350313,63056,287257,38923,0
2026-05-01,29CM,29CM,헤어,6,10,242762,43697,199065,40460,0
2026-05-01,OY,올리브영 온라인,기프트,11,20,1497459,224618,1272841,136132,0
2026-05-01,OY,올리브영 온라인,립,25,36,501075,75161,425914,20043,0
2026-05-01,OY,올리브영 온라인,마사지바,9,15,322006,48300,273706,35778,0
2026-05-01,OY,올리브영 온라인,바디로션바,7,13,269971,40495,229476,38567,0
2026-05-01,OY,올리브영 온라인,배쓰밤,42,78,1038855,155828,883027,24734,1
2026-05-01,OY,올리브영 온라인,비누,15,24,354488,53173,301315,23632,0
2026-05-01,OY,올리브영 온라인,샤워젤,16,29,529302,79395,449907,33081,0
2026-05-01,OY,올리브영 온라인,샴푸바,17,22,513378,77006,436372,30198,0
2026-05-01,OY,올리브영 온라인,액세서리,7,13,117686,17652,100034,16812,0
2026-05-01,OY,올리브영 온라인,페이스마스크,36,57,1247571,187135,1060436,34654,1
2026-05-01,OY,올리브영 온라인,헤어,9,12,285613,42841,242772,31734,0
2026-05-02,OWN,자사몰 (lush.co.kr),기프트,25,41,3177594,0,3177594,127103,0
2026-05-02,OWN,자사몰 (lush.co.kr),립,33,52,678465,0,678465,20559,0
2026-05-02,OWN,자사몰 (lush.co.kr),마사지바,28,46,943698,0,943698,33703,0
2026-05-02,OWN,자사몰 (lush.co.kr),바디로션바,25,35,720857,0,720857,28834,0
2026-05-02,OWN,자사몰 (lush.co.kr),배쓰밤,116,173,2329278,0,2329278,20079,1
2026-05-02,OWN,자사몰 (lush.co.kr),비누,43,65,978889,0,978889,22764,0
2026-05-02,OWN,자사몰 (lush.co.kr),샤워젤,29,52,990423,0,990423,34152,0
2026-05-02,OWN,자사몰 (lush.co.kr),샴푸바,40,72,1580783,0,1580783,39519,0
2026-05-02,OWN,자사몰 (lush.co.kr),액세서리,11,19,174370,0,174370,15851,0
2026-05-02,OWN,자사몰 (lush.co.kr),페이스마스크,39,72,1593271,0,1593271,40853,0
2026-05-02,OWN,자사몰 (lush.co.kr),헤어,23,36,855789,0,855789,37208,0
2026-05-02,NAVER,네이버 브랜드스토어,기프트,14,22,1563401,90677,1472724,111671,0
2026-05-02,NAVER,네이버 브랜드스토어,립,14,22,293801,17040,276761,20985,0
2026-05-02,NAVER,네이버 브랜드스토어,마사지바,16,25,543713,31535,512178,33982,0
2026-05-02,NAVER,네이버 브랜드스토어,바디로션바,9,12,247738,14368,233370,27526,0
2026-05-02,NAVER,네이버 브랜드스토어,배쓰밤,76,118,1545205,89621,1455584,20331,0
2026-05-02,NAVER,네이버 브랜드스토어,비누,24,38,567105,32892,534213,23629,0
2026-05-02,NAVER,네이버 브랜드스토어,샤워젤,15,22,404105,23438,380667,26940,0
2026-05-02,NAVER,네이버 브랜드스토어,샴푸바,20,30,706615,40983,665632,35330,0
2026-05-02,NAVER,네이버 브랜드스토어,액세서리,7,10,90794,5266,85528,12970,0
2026-05-02,NAVER,네이버 브랜드스토어,페이스마스크,32,47,1031990,59855,972135,32249,0
2026-05-02,NAVER,네이버 브랜드스토어,헤어,11,15,368644,21381,347263,33513,0
2026-05-02,KAKAO,카카오 선물하기,기프트,77,119,8697320,956705,7740615,112952,0
2026-05-02,KAKAO,카카오 선물하기,립,35,64,834683,91815,742868,23848,0
2026-05-02,KAKAO,카카오 선물하기,마사지바,20,28,596663,65632,531031,29833,0
2026-05-02,KAKAO,카카오 선물하기,바디로션바,23,31,675566,74312,601254,29372,0
2026-05-02,KAKAO,카카오 선물하기,배쓰밤,121,215,3054037,335944,2718093,25239,1
2026-05-02,KAKAO,카카오 선물하기,비누,22,33,456191,50181,406010,20735,0
2026-05-02,KAKAO,카카오 선물하기,샤워젤,27,44,809427,89036,720391,29978,0
2026-05-02,KAKAO,카카오 선물하기,샴푸바,32,57,1314250,144567,1169683,41070,0
2026-05-02,KAKAO,카카오 선물하기,액세서리,11,20,179831,19781,160050,16348,0
2026-05-02,KAKAO,카카오 선물하기,페이스마스크,52,98,2048443,225328,1823115,39393,0
2026-05-02,KAKAO,카카오 선물하기,헤어,23,35,859467,94541,764926,37368,0
2026-05-02,29CM,29CM,기프트,6,9,670024,120604,549420,111670,0
2026-05-02,29CM,29CM,립,7,10,132691,23884,108807,18955,0
2026-05-02,29CM,29CM,마사지바,6,10,203130,36563,166567,33855,0
2026-05-02,29CM,29CM,바디로션바,9,15,305248,54944,250304,33916,0
2026-05-02,29CM,29CM,배쓰밤,25,34,481691,86704,394987,19267,0
2026-05-02,29CM,29CM,비누,8,10,143218,25779,117439,17902,0
2026-05-02,29CM,29CM,샤워젤,5,7,129839,23371,106468,25967,0
2026-05-02,29CM,29CM,샴푸바,12,18,394302,70974,323328,32858,0
2026-05-02,29CM,29CM,액세서리,3,4,34513,6212,28301,11504,0
2026-05-02,29CM,29CM,페이스마스크,15,27,579343,104281,475062,38622,0
2026-05-02,29CM,29CM,헤어,7,10,238001,42840,195161,34000,0
2026-05-02,OY,올리브영 온라인,기프트,14,26,1898928,284839,1614089,135637,0
2026-05-02,OY,올리브영 온라인,립,28,49,681036,102155,578881,24322,0
2026-05-02,OY,올리브영 온라인,마사지바,14,22,472605,70890,401715,33757,0
2026-05-02,OY,올리브영 온라인,바디로션바,10,14,292222,43833,248389,29222,0
2026-05-02,OY,올리브영 온라인,배쓰밤,53,70,976979,146546,830433,18433,0
2026-05-02,OY,올리브영 온라인,비누,20,34,513991,77098,436893,25699,0
2026-05-02,OY,올리브영 온라인,샤워젤,17,31,614096,92114,521982,36123,0
2026-05-02,OY,올리브영 온라인,샴푸바,15,24,555691,83353,472338,37046,0
2026-05-02,OY,올리브영 온라인,액세서리,6,10,94098,14114,79984,15683,0
2026-05-02,OY,올리브영 온라인,페이스마스크,49,83,1799699,269954,1529745,36728,1
2026-05-02,OY,올리브영 온라인,헤어,9,14,320329,48049,272280,35592,0
2026-05-03,OWN,자사몰 (lush.co.kr),기프트,25,36,2696767,0,2696767,107870,0
2026-05-03,OWN,자사몰 (lush.co.kr),립,24,39,522769,0,522769,21782,0
2026-05-03,OWN,자사몰 (lush.co.kr),마사지바,22,37,795423,0,795423,36155,0
2026-05-03,OWN,자사몰 (lush.co.kr),바디로션바,15,26,534525,0,534525,35635,0
2026-05-03,OWN,자사몰 (lush.co.kr),배쓰밤,110,160,2138054,0,2138054,19436,2
2026-05-03,OWN,자사몰 (lush.co.kr),비누,39,65,963709,0,963709,24710,0
2026-05-03,OWN,자사몰 (lush.co.kr),샤워젤,25,44,866147,0,866147,34645,0
2026-05-03,OWN,자사몰 (lush.co.kr),샴푸바,30,42,924450,0,924450,30815,0
2026-05-03,OWN,자사몰 (lush.co.kr),액세서리,9,16,143546,0,143546,15949,0
2026-05-03,OWN,자사몰 (lush.co.kr),페이스마스크,45,61,1310231,0,1310231,29116,0
2026-05-03,OWN,자사몰 (lush.co.kr),헤어,20,32,756385,0,756385,37819,0
2026-05-03,NAVER,네이버 브랜드스토어,기프트,10,17,1295605,75145,1220460,129560,0
2026-05-03,NAVER,네이버 브랜드스토어,립,20,30,421914,24471,397443,21095,0
2026-05-03,NAVER,네이버 브랜드스토어,마사지바,13,18,392491,22764,369727,30191,0
2026-05-03,NAVER,네이버 브랜드스토어,바디로션바,11,18,394621,22888,371733,35874,0
2026-05-03,NAVER,네이버 브랜드스토어,배쓰밤,60,96,1324264,76807,1247457,22071,0
2026-05-03,NAVER,네이버 브랜드스토어,비누,15,26,384726,22314,362412,25648,0
2026-05-03,NAVER,네이버 브랜드스토어,샤워젤,15,21,404483,23460,381023,26965,0
2026-05-03,NAVER,네이버 브랜드스토어,샴푸바,15,27,636562,36920,599642,42437,0
2026-05-03,NAVER,네이버 브랜드스토어,액세서리,7,9,79202,4593,74609,11314,0
2026-05-03,NAVER,네이버 브랜드스토어,페이스마스크,32,53,1175356,68170,1107186,36729,0
2026-05-03,NAVER,네이버 브랜드스토어,헤어,13,17,382178,22166,360012,29398,0
2026-05-03,KAKAO,카카오 선물하기,기프트,38,65,5024227,552664,4471563,132216,0
2026-05-03,KAKAO,카카오 선물하기,립,14,19,261670,28783,232887,18690,0
2026-05-03,KAKAO,카카오 선물하기,마사지바,17,28,579076,63698,515378,34063,0
2026-05-03,KAKAO,카카오 선물하기,바디로션바,11,17,362489,39873,322616,32953,0
2026-05-03,KAKAO,카카오 선물하기,배쓰밤,58,96,1275261,140278,1134983,21987,0
2026-05-03,KAKAO,카카오 선물하기,비누,21,33,464643,51110,413533,22125,0
2026-05-03,KAKAO,카카오 선물하기,샤워젤,13,24,439820,48380,391440,33832,0
2026-05-03,KAKAO,카카오 선물하기,샴푸바,20,27,602819,66310,536509,30140,0
2026-05-03,KAKAO,카카오 선물하기,액세서리,8,13,116536,12818,103718,14567,0
2026-05-03,KAKAO,카카오 선물하기,페이스마스크,33,43,934284,102771,831513,28311,0
2026-05-03,KAKAO,카카오 선물하기,헤어,11,15,349070,38397,310673,31733,0
2026-05-03,29CM,29CM,기프트,6,10,739355,133083,606272,123225,0
2026-05-03,29CM,29CM,립,8,14,196307,35335,160972,24538,0
2026-05-03,29CM,29CM,마사지바,4,6,128893,23200,105693,32223,0
2026-05-03,29CM,29CM,바디로션바,7,10,206583,37184,169399,29511,0
2026-05-03,29CM,29CM,배쓰밤,30,47,668166,120269,547897,22272,0
2026-05-03,29CM,29CM,비누,10,13,193483,34826,158657,19348,0
2026-05-03,29CM,29CM,샤워젤,5,7,136854,24633,112221,27370,0
2026-05-03,29CM,29CM,샴푸바,10,13,294130,52943,241187,29413,0
2026-05-03,29CM,29CM,액세서리,3,5,43425,7816,35609,14475,0
2026-05-03,29CM,29CM,페이스마스크,9,16,347144,62485,284659,38571,0
2026-05-03,29CM,29CM,헤어,5,9,216186,38913,177273,43237,0
2026-05-03,OY,올리브영 온라인,기프트,10,16,1225651,183847,1041804,122565,0
2026-05-03,OY,올리브영 온라인,립,25,41,539500,80925,458575,21580,0
2026-05-03,OY,올리브영 온라인,마사지바,9,11,221694,33254,188440,24632,0
2026-05-03,OY,올리브영 온라인,바디로션바,6,8,166720,25008,141712,27786,0
2026-05-03,OY,올리브영 온라인,배쓰밤,39,59,792695,118904,673791,20325,1
2026-05-03,OY,올리브영 온라인,비누,11,14,211962,31794,180168,19269,0
2026-05-03,OY,올리브영 온라인,샤워젤,12,15,298967,44845,254122,24913,0
2026-05-03,OY,올리브영 온라인,샴푸바,15,22,488894,73334,415560,32592,0
2026-05-03,OY,올리브영 온라인,액세서리,4,5,45445,6816,38629,11361,0
2026-05-03,OY,올리브영 온라인,페이스마스크,38,71,1516001,227400,1288601,39894,1
2026-05-03,OY,올리브영 온라인,헤어,6,8,180977,27146,153831,30162,0
2026-05-04,OWN,자사몰 (lush.co.kr),기프트,24,36,2612060,0,2612060,108835,0
2026-05-04,OWN,자사몰 (lush.co.kr),립,32,54,748482,0,748482,23390,0
2026-05-04,OWN,자사몰 (lush.co.kr),마사지바,22,32,655179,0,655179,29780,0
2026-05-04,OWN,자사몰 (lush.co.kr),바디로션바,17,31,644850,0,644850,37932,0
2026-05-04,OWN,자사몰 (lush.co.kr),배쓰밤,117,197,2663427,0,2663427,22764,2
2026-05-04,OWN,자사몰 (lush.co.kr),비누,26,34,490180,0,490180,18853,0
2026-05-04,OWN,자사몰 (lush.co.kr),샤워젤,30,45,848602,0,848602,28286,0
2026-05-04,OWN,자사몰 (lush.co.kr),샴푸바,28,44,972170,0,972170,34720,0
2026-05-04,OWN,자사몰 (lush.co.kr),액세서리,8,12,103794,0,103794,12974,0
2026-05-04,OWN,자사몰 (lush.co.kr),페이스마스크,46,81,1743969,0,1743969,37912,0
2026-05-04,OWN,자사몰 (lush.co.kr),헤어,14,25,604686,0,604686,43191,0
2026-05-04,NAVER,네이버 브랜드스토어,기프트,10,17,1211853,70287,1141566,121185,0
2026-05-04,NAVER,네이버 브랜드스토어,립,14,22,301173,17468,283705,21512,0
2026-05-04,NAVER,네이버 브랜드스토어,마사지바,11,17,344438,19977,324461,31312,0
2026-05-04,NAVER,네이버 브랜드스토어,바디로션바,10,18,385722,22371,363351,38572,0
2026-05-04,NAVER,네이버 브랜드스토어,배쓰밤,41,54,736320,42706,693614,17959,0
2026-05-04,NAVER,네이버 브랜드스토어,비누,15,21,291702,16918,274784,19446,0
2026-05-04,NAVER,네이버 브랜드스토어,샤워젤,15,22,419283,24318,394965,27952,0
2026-05-04,NAVER,네이버 브랜드스토어,샴푸바,15,26,578563,33556,545007,38570,0
2026-05-04,NAVER,네이버 브랜드스토어,액세서리,3,4,34854,2021,32833,11618,0
2026-05-04,NAVER,네이버 브랜드스토어,페이스마스크,22,33,704243,40846,663397,32011,0
2026-05-04,NAVER,네이버 브랜드스토어,헤어,9,11,248689,14423,234266,27632,0
2026-05-04,KAKAO,카카오 선물하기,기프트,81,147,10599589,1165954,9433635,130859,1
2026-05-04,KAKAO,카카오 선물하기,립,39,72,978044,107584,870460,25078,0
2026-05-04,KAKAO,카카오 선물하기,마사지바,23,35,758754,83462,675292,32989,0
2026-05-04,KAKAO,카카오 선물하기,바디로션바,21,33,715917,78750,637167,34091,0
2026-05-04,KAKAO,카카오 선물하기,배쓰밤,113,149,2139246,235317,1903929,18931,1
2026-05-04,KAKAO,카카오 선물하기,비누,35,52,741207,81532,659675,21177,0
2026-05-04,KAKAO,카카오 선물하기,샤워젤,33,58,1052473,115772,936701,31893,0
2026-05-04,KAKAO,카카오 선물하기,샴푸바,45,61,1368250,150507,1217743,30405,0
2026-05-04,KAKAO,카카오 선물하기,액세서리,13,21,189829,20881,168948,14602,0
2026-05-04,KAKAO,카카오 선물하기,페이스마스크,36,62,1367296,150402,1216894,37980,0
2026-05-04,KAKAO,카카오 선물하기,헤어,26,38,848620,93348,755272,32639,0
2026-05-04,29CM,29CM,기프트,7,12,851172,153210,697962,121596,0
2026-05-04,29CM,29CM,립,8,14,187461,33742,153719,23432,0
2026-05-04,29CM,29CM,마사지바,8,14,290913,52364,238549,36364,0
2026-05-04,29CM,29CM,바디로션바,10,16,340973,61375,279598,34097,0
2026-05-04,29CM,29CM,배쓰밤,33,56,791264,142427,648837,23977,0
2026-05-04,29CM,29CM,비누,10,14,201191,36214,164977,20119,0
2026-05-04,29CM,29CM,샤워젤,5,7,130162,23429,106733,26032,0
2026-05-04,29CM,29CM,샴푸바,11,16,358185,64473,293712,32562,0
2026-05-04,29CM,29CM,액세서리,3,4,36853,6633,30220,12284,0
2026-05-04,29CM,29CM,페이스마스크,14,23,498597,89747,408850,35614,0
2026-05-04,29CM,29CM,헤어,8,12,268313,48296,220017,33539,0
2026-05-04,OY,올리브영 온라인,기프트,8,12,935533,140329,795204,116941,0
2026-05-04,OY,올리브영 온라인,립,18,28,383262,57489,325773,21292,0
2026-05-04,OY,올리브영 온라인,마사지바,11,15,302054,45308,256746,27459,0
2026-05-04,OY,올리브영 온라인,바디로션바,7,11,220083,33012,187071,31440,0
2026-05-04,OY,올리브영 온라인,배쓰밤,54,73,1043193,156478,886715,19318,1
2026-05-04,OY,올리브영 온라인,비누,20,35,494061,74109,419952,24703,0
2026-05-04,OY,올리브영 온라인,샤워젤,14,23,441172,66175,374997,31512,0
2026-05-04,OY,올리브영 온라인,샴푸바,21,32,709990,106498,603492,33809,0
2026-05-04,OY,올리브영 온라인,액세서리,6,11,101286,15192,86094,16881,0
2026-05-04,OY,올리브영 온라인,페이스마스크,41,77,1726322,258948,1467374,42105,1
2026-05-04,OY,올리브영 온라인,헤어,12,21,516719,77507,439212,43059,0
2026-05-05,OWN,자사몰 (lush.co.kr),기프트,18,24,1829997,0,1829997,101666,0
2026-05-05,OWN,자사몰 (lush.co.kr),립,33,49,670546,0,670546,20319,0
2026-05-05,OWN,자사몰 (lush.co.kr),마사지바,21,32,672460,0,672460,32021,0
2026-05-05,OWN,자사몰 (lush.co.kr),바디로션바,12,16,346478,0,346478,28873,0
2026-05-05,OWN,자사몰 (lush.co.kr),배쓰밤,70,110,1502972,0,1502972,21471,0
2026-05-05,OWN,자사몰 (lush.co.kr),비누,37,66,945539,0,945539,25555,0
2026-05-05,OWN,자사몰 (lush.co.kr),샤워젤,25,33,636276,0,636276,25451,0
2026-05-05,OWN,자사몰 (lush.co.kr),샴푸바,27,49,1146648,0,1146648,42468,0
2026-05-05,OWN,자사몰 (lush.co.kr),액세서리,12,19,169691,0,169691,14140,0
2026-05-05,OWN,자사몰 (lush.co.kr),페이스마스크,32,55,1169741,0,1169741,36554,0
2026-05-05,OWN,자사몰 (lush.co.kr),헤어,22,39,931584,0,931584,42344,0
2026-05-05,NAVER,네이버 브랜드스토어,기프트,9,15,1088089,63109,1024980,120898,0
2026-05-05,NAVER,네이버 브랜드스토어,립,16,24,323231,18747,304484,20201,0
2026-05-05,NAVER,네이버 브랜드스토어,마사지바,12,20,406435,23573,382862,33869,0
2026-05-05,NAVER,네이버 브랜드스토어,바디로션바,10,17,359077,20826,338251,35907,0
2026-05-05,NAVER,네이버 브랜드스토어,배쓰밤,44,60,857429,49730,807699,19487,0
2026-05-05,NAVER,네이버 브랜드스토어,비누,18,30,441141,25586,415555,24507,0
2026-05-05,NAVER,네이버 브랜드스토어,샤워젤,12,21,416006,24128,391878,34667,0
2026-05-05,NAVER,네이버 브랜드스토어,샴푸바,14,23,522849,30325,492524,37346,0
2026-05-05,NAVER,네이버 브랜드스토어,액세서리,4,6,51438,2983,48455,12859,0
2026-05-05,NAVER,네이버 브랜드스토어,페이스마스크,18,24,490799,28466,462333,27266,0
2026-05-05,NAVER,네이버 브랜드스토어,헤어,7,9,221677,12857,208820,31668,0
2026-05-05,KAKAO,카카오 선물하기,기프트,101,155,11570771,1272784,10297987,114562,0
2026-05-05,KAKAO,카카오 선물하기,립,37,60,843726,92809,750917,22803,0
2026-05-05,KAKAO,카카오 선물하기,마사지바,28,45,945170,103968,841202,33756,0
2026-05-05,KAKAO,카카오 선물하기,바디로션바,28,38,778730,85660,693070,27811,0
2026-05-05,KAKAO,카카오 선물하기,배쓰밤,170,297,4046591,445125,3601466,23803,2
2026-05-05,KAKAO,카카오 선물하기,비누,40,66,915218,100673,814545,22880,0
2026-05-05,KAKAO,카카오 선물하기,샤워젤,27,48,919888,101187,818701,34069,0
2026-05-05,KAKAO,카카오 선물하기,샴푸바,53,80,1887010,207571,1679439,35603,0
2026-05-05,KAKAO,카카오 선물하기,액세서리,16,30,280074,30808,249266,17504,0
2026-05-05,KAKAO,카카오 선물하기,페이스마스크,43,61,1340315,147434,1192881,31170,0
2026-05-05,KAKAO,카카오 선물하기,헤어,25,47,1054111,115952,938159,42164,0
2026-05-05,29CM,29CM,기프트,6,8,614294,110572,503722,102382,0
2026-05-05,29CM,29CM,립,6,11,147002,26460,120542,24500,0
2026-05-05,29CM,29CM,마사지바,4,5,100772,18138,82634,25193,0
2026-05-05,29CM,29CM,바디로션바,5,7,143900,25902,117998,28780,0
2026-05-05,29CM,29CM,배쓰밤,27,41,537163,96689,440474,19894,0
2026-05-05,29CM,29CM,비누,8,14,208024,37444,170580,26003,0
2026-05-05,29CM,29CM,샤워젤,5,7,133508,24031,109477,26701,0
2026-05-05,29CM,29CM,샴푸바,10,16,384796,69263,315533,38479,0
2026-05-05,29CM,29CM,액세서리,3,4,36184,6513,29671,12061,0
2026-05-05,29CM,29CM,페이스마스크,8,11,236901,42642,194259,29612,0
2026-05-05,29CM,29CM,헤어,6,10,237879,42818,195061,39646,0
2026-05-05,OY,올리브영 온라인,기프트,12,19,1428782,214317,1214465,119065,0
2026-05-05,OY,올리브영 온라인,립,27,39,558331,83749,474582,20678,0
2026-05-05,OY,올리브영 온라인,마사지바,10,15,328554,49283,279271,32855,0
2026-05-05,OY,올리브영 온라인,바디로션바,7,12,241675,36251,205424,34525,0
2026-05-05,OY,올리브영 온라인,배쓰밤,38,56,779468,116920,662548,20512,0
2026-05-05,OY,올리브영 온라인,비누,15,26,383768,57565,326203,25584,0
2026-05-05,OY,올리브영 온라인,샤워젤,12,19,355993,53398,302595,29666,0
2026-05-05,OY,올리브영 온라인,샴푸바,14,24,543789,81568,462221,38842,0
2026-05-05,OY,올리브영 온라인,액세서리,3,5,43028,6454,36574,14342,0
2026-05-05,OY,올리브영 온라인,페이스마스크,35,61,1351829,202774,1149055,38623,0
2026-05-05,OY,올리브영 온라인,헤어,8,12,287903,43185,244718,35987,0
2026-05-06,OWN,자사몰 (lush.co.kr),기프트,17,25,1775788,0,1775788,104458,0
2026-05-06,OWN,자사몰 (lush.co.kr),립,19,31,430077,0,430077,22635,0
2026-05-06,OWN,자사몰 (lush.co.kr),마사지바,15,24,508050,0,508050,33870,0
2026-05-06,OWN,자사몰 (lush.co.kr),바디로션바,14,21,435489,0,435489,31106,0
2026-05-06,OWN,자사몰 (lush.co.kr),배쓰밤,109,190,2617772,0,2617772,24016,1
2026-05-06,OWN,자사몰 (lush.co.kr),비누,30,39,581853,0,581853,19395,0
2026-05-06,OWN,자사몰 (lush.co.kr),샤워젤,16,28,521931,0,521931,32620,0
2026-05-06,OWN,자사몰 (lush.co.kr),샴푸바,30,52,1176854,0,1176854,39228,0
2026-05-06,OWN,자사몰 (lush.co.kr),액세서리,10,17,150070,0,150070,15007,0
2026-05-06,OWN,자사몰 (lush.co.kr),페이스마스크,33,58,1285066,0,1285066,38941,0
2026-05-06,OWN,자사몰 (lush.co.kr),헤어,15,27,626221,0,626221,41748,0
2026-05-06,NAVER,네이버 브랜드스토어,기프트,16,29,2087617,121081,1966536,130476,0
2026-05-06,NAVER,네이버 브랜드스토어,립,21,27,365180,21180,344000,17389,0
2026-05-06,NAVER,네이버 브랜드스토어,마사지바,15,21,421318,24436,396882,28087,0
2026-05-06,NAVER,네이버 브랜드스토어,바디로션바,13,18,366158,21237,344921,28166,0
2026-05-06,NAVER,네이버 브랜드스토어,배쓰밤,58,108,1523720,88375,1435345,26271,0
2026-05-06,NAVER,네이버 브랜드스토어,비누,26,44,636337,36907,599430,24474,0
2026-05-06,NAVER,네이버 브랜드스토어,샤워젤,19,31,582529,33786,548743,30659,0
2026-05-06,NAVER,네이버 브랜드스토어,샴푸바,19,32,706553,40980,665573,37187,0
2026-05-06,NAVER,네이버 브랜드스토어,액세서리,9,14,131752,7641,124111,14639,0
2026-05-06,NAVER,네이버 브랜드스토어,페이스마스크,28,42,863265,50069,813196,30830,0
2026-05-06,NAVER,네이버 브랜드스토어,헤어,18,23,539126,31269,507857,29951,0
2026-05-06,KAKAO,카카오 선물하기,기프트,92,174,12452663,1369792,11082871,135355,1
2026-05-06,KAKAO,카카오 선물하기,립,29,48,684980,75347,609633,23620,0
2026-05-06,KAKAO,카카오 선물하기,마사지바,31,40,865360,95189,770171,27914,0
2026-05-06,KAKAO,카카오 선물하기,바디로션바,29,44,902112,99232,802880,31107,0
2026-05-06,KAKAO,카카오 선물하기,배쓰밤,151,203,2845189,312970,2532219,18842,3
2026-05-06,KAKAO,카카오 선물하기,비누,29,46,648911,71380,577531,22376,0
2026-05-06,KAKAO,카카오 선물하기,샤워젤,31,44,823102,90541,732561,26551,0
2026-05-06,KAKAO,카카오 선물하기,샴푸바,42,73,1603124,176343,1426781,38169,0
2026-05-06,KAKAO,카카오 선물하기,액세서리,17,28,248686,27355,221331,14628,0
2026-05-06,KAKAO,카카오 선물하기,페이스마스크,55,81,1675916,184350,1491566,30471,0
2026-05-06,KAKAO,카카오 선물하기,헤어,31,49,1195101,131461,1063640,38551,0
2026-05-06,29CM,29CM,기프트,12,15,1134604,204228,930376,94550,0
2026-05-06,29CM,29CM,립,7,10,138746,24974,113772,19820,0
2026-05-06,29CM,29CM,마사지바,5,7,152586,27465,125121,30517,0
2026-05-06,29CM,29CM,바디로션바,10,13,278812,50186,228626,27881,0
2026-05-06,29CM,29CM,배쓰밤,35,58,813390,146410,666980,23239,1
2026-05-06,29CM,29CM,비누,10,16,239321,43077,196244,23932,0
2026-05-06,29CM,29CM,샤워젤,7,12,234022,42123,191899,33431,0
2026-05-06,29CM,29CM,샴푸바,9,15,353358,63604,289754,39262,0
2026-05-06,29CM,29CM,액세서리,2,3,27148,4886,22262,13574,0
2026-05-06,29CM,29CM,페이스마스크,10,13,278793,50182,228611,27879,0
2026-05-06,29CM,29CM,헤어,7,9,218834,39390,179444,31262,0
2026-05-06,OY,올리브영 온라인,기프트,8,10,730618,109592,621026,91327,0
2026-05-06,OY,올리브영 온라인,립,16,26,365738,54860,310878,22858,0
2026-05-06,OY,올리브영 온라인,마사지바,10,16,324066,48609,275457,32406,0
2026-05-06,OY,올리브영 온라인,바디로션바,6,10,218003,32700,185303,36333,0
2026-05-06,OY,올리브영 온라인,배쓰밤,54,98,1381245,207186,1174059,25578,1
2026-05-06,OY,올리브영 온라인,비누,14,24,344392,51658,292734,24599,0
2026-05-06,OY,올리브영 온라인,샤워젤,9,16,314413,47161,267252,34934,0
2026-05-06,OY,올리브영 온라인,샴푸바,12,17,407296,61094,346202,33941,0
2026-05-06,OY,올리브영 온라인,액세서리,4,6,55759,8363,47396,13939,0
2026-05-06,OY,올리브영 온라인,페이스마스크,35,53,1090040,163506,926534,31144,0
2026-05-06,OY,올리브영 온라인,헤어,7,12,283479,42521,240958,40497,0
2026-05-07,OWN,자사몰 (lush.co.kr),기프트,26,46,3477297,0,3477297,133742,0
2026-05-07,OWN,자사몰 (lush.co.kr),립,32,44,598717,0,598717,18709,0
2026-05-07,OWN,자사몰 (lush.co.kr),마사지바,24,43,924251,0,924251,38510,0
2026-05-07,OWN,자사몰 (lush.co.kr),바디로션바,19,29,614257,0,614257,32329,0
2026-05-07,OWN,자사몰 (lush.co.kr),배쓰밤,84,153,2136051,0,2136051,25429,0
2026-05-07,OWN,자사몰 (lush.co.kr),비누,44,65,949924,0,949924,21589,0
2026-05-07,OWN,자사몰 (lush.co.kr),샤워젤,26,38,718347,0,718347,27628,0
2026-05-07,OWN,자사몰 (lush.co.kr),샴푸바,35,46,1014573,0,1014573,28987,0
2026-05-07,OWN,자사몰 (lush.co.kr),액세서리,12,20,177864,0,177864,14822,0
2026-05-07,OWN,자사몰 (lush.co.kr),페이스마스크,39,71,1577125,0,1577125,40439,0
2026-05-07,OWN,자사몰 (lush.co.kr),헤어,24,33,754985,0,754985,31457,0
2026-05-07,NAVER,네이버 브랜드스토어,기프트,15,28,2114537,122643,1991894,140969,0
2026-05-07,NAVER,네이버 브랜드스토어,립,15,26,371099,21523,349576,24739,0
2026-05-07,NAVER,네이버 브랜드스토어,마사지바,15,24,504740,29274,475466,33649,0
2026-05-07,NAVER,네이버 브랜드스토어,바디로션바,10,18,365442,21195,344247,36544,0
2026-05-07,NAVER,네이버 브랜드스토어,배쓰밤,67,87,1159721,67263,1092458,17309,1
2026-05-07,NAVER,네이버 브랜드스토어,비누,12,20,286692,16628,270064,23891,0
2026-05-07,NAVER,네이버 브랜드스토어,샤워젤,10,18,342270,19851,322419,34227,0
2026-05-07,NAVER,네이버 브랜드스토어,샴푸바,22,35,829314,48100,781214,37696,0
2026-05-07,NAVER,네이버 브랜드스토어,액세서리,5,6,51751,3001,48750,10350,0
2026-05-07,NAVER,네이버 브랜드스토어,페이스마스크,22,39,820787,47605,773182,37308,0
2026-05-07,NAVER,네이버 브랜드스토어,헤어,10,16,392113,22742,369371,39211,0
2026-05-07,KAKAO,카카오 선물하기,기프트,71,114,8090436,889947,7200489,113949,1
2026-05-07,KAKAO,카카오 선물하기,립,40,70,990744,108981,881763,24768,0
2026-05-07,KAKAO,카카오 선물하기,마사지바,25,37,805465,88601,716864,32218,0
2026-05-07,KAKAO,카카오 선물하기,바디로션바,31,54,1081254,118937,962317,34879,0
2026-05-07,KAKAO,카카오 선물하기,배쓰밤,172,225,3185856,350444,2835412,18522,2
2026-05-07,KAKAO,카카오 선물하기,비누,38,57,852582,93784,758798,22436,0
2026-05-07,KAKAO,카카오 선물하기,샤워젤,47,77,1453861,159924,1293937,30933,0
2026-05-07,KAKAO,카카오 선물하기,샴푸바,37,63,1439713,158368,1281345,38911,0
2026-05-07,KAKAO,카카오 선물하기,액세서리,17,26,224453,24689,199764,13203,0
2026-05-07,KAKAO,카카오 선물하기,페이스마스크,69,127,2675641,294320,2381321,38777,0
2026-05-07,KAKAO,카카오 선물하기,헤어,23,41,1011011,111211,899800,43957,0
2026-05-07,29CM,29CM,기프트,10,16,1141827,205528,936299,114182,0
2026-05-07,29CM,29CM,립,10,16,224623,40432,184191,22462,0
2026-05-07,29CM,29CM,마사지바,6,7,151013,27182,123831,25168,0
2026-05-07,29CM,29CM,바디로션바,7,11,226246,40724,185522,32320,0
2026-05-07,29CM,29CM,배쓰밤,28,45,624010,112321,511689,22286,0
2026-05-07,29CM,29CM,비누,9,15,218108,39259,178849,24234,0
2026-05-07,29CM,29CM,샤워젤,7,11,211827,38128,173699,30261,0
2026-05-07,29CM,29CM,샴푸바,10,17,396506,71371,325135,39650,0
2026-05-07,29CM,29CM,액세서리,2,2,18545,3338,15207,9272,0
2026-05-07,29CM,29CM,페이스마스크,11,19,411332,74039,337293,37393,0
2026-05-07,29CM,29CM,헤어,4,6,135733,24431,111302,33933,0
2026-05-07,OY,올리브영 온라인,기프트,11,19,1392349,208852,1183497,126577,0
2026-05-07,OY,올리브영 온라인,립,24,39,550644,82596,468048,22943,0
2026-05-07,OY,올리브영 온라인,마사지바,6,11,232231,34834,197397,38705,0
2026-05-07,OY,올리브영 온라인,바디로션바,10,18,373030,55954,317076,37303,0
2026-05-07,OY,올리브영 온라인,배쓰밤,33,52,700689,105103,595586,21233,0
2026-05-07,OY,올리브영 온라인,비누,18,28,404250,60637,343613,22458,0
2026-05-07,OY,올리브영 온라인,샤워젤,12,16,297822,44673,253149,24818,0
2026-05-07,OY,올리브영 온라인,샴푸바,18,24,561548,84232,477316,31197,0
2026-05-07,OY,올리브영 온라인,액세서리,4,5,45488,6823,38665,11372,0
2026-05-07,OY,올리브영 온라인,페이스마스크,43,67,1393975,209096,1184879,32418,0
2026-05-07,OY,올리브영 온라인,헤어,12,18,426706,64005,362701,35558,0
2026-05-08,OWN,자사몰 (lush.co.kr),기프트,36,66,4790382,0,4790382,133066,0
2026-05-08,OWN,자사몰 (lush.co.kr),립,34,46,648991,0,648991,19087,0
2026-05-08,OWN,자사몰 (lush.co.kr),마사지바,26,41,889844,0,889844,34224,0
2026-05-08,OWN,자사몰 (lush.co.kr),바디로션바,28,38,825524,0,825524,29483,0
2026-05-08,OWN,자사몰 (lush.co.kr),배쓰밤,167,253,3580656,0,3580656,21441,3
2026-05-08,OWN,자사몰 (lush.co.kr),비누,31,53,734944,0,734944,23707,0
2026-05-08,OWN,자사몰 (lush.co.kr),샤워젤,43,79,1487492,0,1487492,34592,0
2026-05-08,OWN,자사몰 (lush.co.kr),샴푸바,48,68,1507072,0,1507072,31397,0
2026-05-08,OWN,자사몰 (lush.co.kr),액세서리,14,19,165236,0,165236,11802,0
2026-05-08,OWN,자사몰 (lush.co.kr),페이스마스크,53,91,2012758,0,2012758,37976,0
2026-05-08,OWN,자사몰 (lush.co.kr),헤어,22,35,859127,0,859127,39051,0
2026-05-08,NAVER,네이버 브랜드스토어,기프트,17,29,2099699,121782,1977917,123511,0
2026-05-08,NAVER,네이버 브랜드스토어,립,20,30,427792,24811,402981,21389,0
2026-05-08,NAVER,네이버 브랜드스토어,마사지바,18,27,565949,32825,533124,31441,0
2026-05-08,NAVER,네이버 브랜드스토어,바디로션바,11,18,385484,22358,363126,35044,0
2026-05-08,NAVER,네이버 브랜드스토어,배쓰밤,55,90,1291533,74908,1216625,23482,0
2026-05-08,NAVER,네이버 브랜드스토어,비누,28,51,710600,41214,669386,25378,0
2026-05-08,NAVER,네이버 브랜드스토어,샤워젤,13,18,327665,19004,308661,25205,0
2026-05-08,NAVER,네이버 브랜드스토어,샴푸바,30,43,1020345,59180,961165,34011,0
2026-05-08,NAVER,네이버 브랜드스토어,액세서리,5,8,69837,4050,65787,13967,0
2026-05-08,NAVER,네이버 브랜드스토어,페이스마스크,23,35,738496,42832,695664,32108,0
2026-05-08,NAVER,네이버 브랜드스토어,헤어,20,29,695175,40320,654855,34758,0
2026-05-08,KAKAO,카카오 선물하기,기프트,101,178,13313069,1464437,11848632,131812,1
2026-05-08,KAKAO,카카오 선물하기,립,39,69,909132,100004,809128,23311,0
2026-05-08,KAKAO,카카오 선물하기,마사지바,33,54,1142287,125651,1016636,34614,0
2026-05-08,KAKAO,카카오 선물하기,바디로션바,26,35,717146,78886,638260,27582,0
2026-05-08,KAKAO,카카오 선물하기,배쓰밤,182,281,3939283,433321,3505962,21644,3
2026-05-08,KAKAO,카카오 선물하기,비누,59,94,1314102,144551,1169551,22272,0
2026-05-08,KAKAO,카카오 선물하기,샤워젤,46,82,1492975,164227,1328748,32455,0
2026-05-08,KAKAO,카카오 선물하기,샴푸바,63,84,1885210,207373,1677837,29923,0
2026-05-08,KAKAO,카카오 선물하기,액세서리,15,24,218392,24023,194369,14559,0
2026-05-08,KAKAO,카카오 선물하기,페이스마스크,54,85,1790359,196939,1593420,33154,1
2026-05-08,KAKAO,카카오 선물하기,헤어,39,67,1564714,172118,1392596,40120,0
2026-05-08,29CM,29CM,기프트,11,20,1434839,258271,1176568,130439,0
2026-05-08,29CM,29CM,립,11,16,219665,39539,180126,19969,0
2026-05-08,29CM,29CM,마사지바,8,11,232107,41779,190328,29013,0
2026-05-08,29CM,29CM,바디로션바,14,25,547624,98572,449052,39116,0
2026-05-08,29CM,29CM,배쓰밤,44,82,1102945,198530,904415,25066,0
2026-05-08,29CM,29CM,비누,17,30,440682,79322,361360,25922,0
2026-05-08,29CM,29CM,샤워젤,10,13,235821,42447,193374,23582,0
2026-05-08,29CM,29CM,샴푸바,14,21,472214,84998,387216,33729,0
2026-05-08,29CM,29CM,액세서리,4,6,53203,9576,43627,13300,0
2026-05-08,29CM,29CM,페이스마스크,17,24,499631,89933,409698,29390,0
2026-05-08,29CM,29CM,헤어,9,14,323515,58232,265283,35946,0
2026-05-08,OY,올리브영 온라인,기프트,11,18,1368856,205328,1163528,124441,0
2026-05-08,OY,올리브영 온라인,립,30,55,721579,108236,613343,24052,0
2026-05-08,OY,올리브영 온라인,마사지바,9,15,328904,49335,279569,36544,0
2026-05-08,OY,올리브영 온라인,바디로션바,12,15,309598,46439,263159,25799,0
2026-05-08,OY,올리브영 온라인,배쓰밤,70,119,1557585,233637,1323948,22251,2
2026-05-08,OY,올리브영 온라인,비누,14,18,266665,39999,226666,19047,0
2026-05-08,OY,올리브영 온라인,샤워젤,11,19,376601,56490,320111,34236,0
2026-05-08,OY,올리브영 온라인,샴푸바,14,19,415178,62276,352902,29655,0
2026-05-08,OY,올리브영 온라인,액세서리,4,6,52994,7949,45045,13248,0
2026-05-08,OY,올리브영 온라인,페이스마스크,44,80,1644237,246635,1397602,37369,0
2026-05-08,OY,올리브영 온라인,헤어,11,19,465207,69781,395426,42291,0
2026-05-09,OWN,자사몰 (lush.co.kr),기프트,17,29,2087352,0,2087352,122785,0
2026-05-09,OWN,자사몰 (lush.co.kr),립,36,60,835284,0,835284,23202,0
2026-05-09,OWN,자사몰 (lush.co.kr),마사지바,23,38,760652,0,760652,33071,0
2026-05-09,OWN,자사몰 (lush.co.kr),바디로션바,22,35,754476,0,754476,34294,0
2026-05-09,OWN,자사몰 (lush.co.kr),배쓰밤,120,189,2602439,0,2602439,21686,2
2026-05-09,OWN,자사몰 (lush.co.kr),비누,36,59,844049,0,844049,23445,0
2026-05-09,OWN,자사몰 (lush.co.kr),샤워젤,21,36,654298,0,654298,31157,0
2026-05-09,OWN,자사몰 (lush.co.kr),샴푸바,33,61,1420122,0,1420122,43034,0
2026-05-09,OWN,자사몰 (lush.co.kr),액세서리,12,15,137565,0,137565,11463,0
2026-05-09,OWN,자사몰 (lush.co.kr),페이스마스크,30,45,1009846,0,1009846,33661,0
2026-05-09,OWN,자사몰 (lush.co.kr),헤어,20,32,766944,0,766944,38347,0
2026-05-09,NAVER,네이버 브랜드스토어,기프트,13,21,1624978,94248,1530730,124998,0
2026-05-09,NAVER,네이버 브랜드스토어,립,23,34,470027,27261,442766,20435,0
2026-05-09,NAVER,네이버 브랜드스토어,마사지바,17,25,538648,31241,507407,31685,0
2026-05-09,NAVER,네이버 브랜드스토어,바디로션바,10,16,324122,18799,305323,32412,0
2026-05-09,NAVER,네이버 브랜드스토어,배쓰밤,46,61,874455,50718,823737,19009,0
2026-05-09,NAVER,네이버 브랜드스토어,비누,21,35,502312,29134,473178,23919,0
2026-05-09,NAVER,네이버 브랜드스토어,샤워젤,19,34,617497,35814,581683,32499,0
2026-05-09,NAVER,네이버 브랜드스토어,샴푸바,25,39,856104,49654,806450,34244,0
2026-05-09,NAVER,네이버 브랜드스토어,액세서리,5,7,61532,3568,57964,12306,0
2026-05-09,NAVER,네이버 브랜드스토어,페이스마스크,30,56,1223530,70964,1152566,40784,0
2026-05-09,NAVER,네이버 브랜드스토어,헤어,11,18,442592,25670,416922,40235,0
2026-05-09,KAKAO,카카오 선물하기,기프트,36,57,4184875,460336,3724539,116246,0
2026-05-09,KAKAO,카카오 선물하기,립,18,26,345311,37984,307327,19183,0
2026-05-09,KAKAO,카카오 선물하기,마사지바,20,26,530303,58333,471970,26515,0
2026-05-09,KAKAO,카카오 선물하기,바디로션바,12,22,447384,49212,398172,37282,0
2026-05-09,KAKAO,카카오 선물하기,배쓰밤,83,117,1532556,168581,1363975,18464,0
2026-05-09,KAKAO,카카오 선물하기,비누,33,56,783535,86188,697347,23743,0
2026-05-09,KAKAO,카카오 선물하기,샤워젤,18,32,581840,64002,517838,32324,0
2026-05-09,KAKAO,카카오 선물하기,샴푸바,20,26,621622,68378,553244,31081,0
2026-05-09,KAKAO,카카오 선물하기,액세서리,9,13,111215,12233,98982,12357,0
2026-05-09,KAKAO,카카오 선물하기,페이스마스크,35,64,1377436,151517,1225919,39355,0
2026-05-09,KAKAO,카카오 선물하기,헤어,13,23,518252,57007,461245,39865,0
2026-05-09,29CM,29CM,기프트,7,12,872517,157053,715464,124645,0
2026-05-09,29CM,29CM,립,11,20,272145,48986,223159,24740,0
2026-05-09,29CM,29CM,마사지바,8,13,286159,51508,234651,35769,0
2026-05-09,29CM,29CM,바디로션바,10,18,362416,65234,297182,36241,0
2026-05-09,29CM,29CM,배쓰밤,33,51,675467,121584,553883,20468,0
2026-05-09,29CM,29CM,비누,12,17,250716,45128,205588,20893,0
2026-05-09,29CM,29CM,샤워젤,9,16,293100,52758,240342,32566,0
2026-05-09,29CM,29CM,샴푸바,11,14,320774,57739,263035,29161,0
2026-05-09,29CM,29CM,액세서리,2,3,25652,4617,21035,12826,0
2026-05-09,29CM,29CM,페이스마스크,10,15,311602,56088,255514,31160,0
2026-05-09,29CM,29CM,헤어,6,8,186711,33607,153104,31118,0
2026-05-09,OY,올리브영 온라인,기프트,12,20,1437742,215661,1222081,119811,0
2026-05-09,OY,올리브영 온라인,립,31,54,739642,110946,628696,23859,1
2026-05-09,OY,올리브영 온라인,마사지바,12,20,422752,63412,359340,35229,0
2026-05-09,OY,올리브영 온라인,바디로션바,10,16,326304,48945,277359,32630,0
2026-05-09,OY,올리브영 온라인,배쓰밤,51,68,939848,140977,798871,18428,1
2026-05-09,OY,올리브영 온라인,비누,18,30,433714,65057,368657,24095,0
2026-05-09,OY,올리브영 온라인,샤워젤,9,14,253882,38082,215800,28209,0
2026-05-09,OY,올리브영 온라인,샴푸바,23,34,761381,114207,647174,33103,0
2026-05-09,OY,올리브영 온라인,액세서리,6,9,78699,11804,66895,13116,0
2026-05-09,OY,올리브영 온라인,페이스마스크,35,65,1398690,209803,1188887,39962,0
2026-05-09,OY,올리브영 온라인,헤어,13,23,528398,79259,449139,40646,0
2026-05-10,OWN,자사몰 (lush.co.kr),기프트,15,20,1488735,0,1488735,99249,0
2026-05-10,OWN,자사몰 (lush.co.kr),립,31,43,561455,0,561455,18111,0
2026-05-10,OWN,자사몰 (lush.co.kr),마사지바,22,35,744207,0,744207,33827,0
2026-05-10,OWN,자사몰 (lush.co.kr),바디로션바,14,23,466360,0,466360,33311,0
2026-05-10,OWN,자사몰 (lush.co.kr),배쓰밤,83,132,1768391,0,1768391,21305,0
2026-05-10,OWN,자사몰 (lush.co.kr),비누,24,41,595980,0,595980,24832,0
2026-05-10,OWN,자사몰 (lush.co.kr),샤워젤,22,41,768086,0,768086,34913,0
2026-05-10,OWN,자사몰 (lush.co.kr),샴푸바,28,36,797076,0,797076,28467,0
2026-05-10,OWN,자사몰 (lush.co.kr),액세서리,7,9,78633,0,78633,11233,0
2026-05-10,OWN,자사몰 (lush.co.kr),페이스마스크,51,87,1817942,0,1817942,35645,0
2026-05-10,OWN,자사몰 (lush.co.kr),헤어,23,36,875651,0,875651,38071,0
2026-05-10,NAVER,네이버 브랜드스토어,기프트,13,22,1560341,90499,1469842,120026,0
2026-05-10,NAVER,네이버 브랜드스토어,립,16,21,282277,16372,265905,17642,0
2026-05-10,NAVER,네이버 브랜드스토어,마사지바,13,18,384886,22323,362563,29606,0
2026-05-10,NAVER,네이버 브랜드스토어,바디로션바,11,19,388259,22519,365740,35296,0
2026-05-10,NAVER,네이버 브랜드스토어,배쓰밤,70,105,1496484,86796,1409688,21378,0
2026-05-10,NAVER,네이버 브랜드스토어,비누,23,31,430218,24952,405266,18705,0
2026-05-10,NAVER,네이버 브랜드스토어,샤워젤,14,23,433316,25132,408184,30951,0
2026-05-10,NAVER,네이버 브랜드스토어,샴푸바,28,48,1100652,63837,1036815,39309,0
2026-05-10,NAVER,네이버 브랜드스토어,액세서리,8,14,121704,7058,114646,15213,0
2026-05-10,NAVER,네이버 브랜드스토어,페이스마스크,31,42,928749,53867,874882,29959,0
2026-05-10,NAVER,네이버 브랜드스토어,헤어,18,31,751897,43610,708287,41772,0
2026-05-10,KAKAO,카카오 선물하기,기프트,39,63,4824172,530658,4293514,123696,0
2026-05-10,KAKAO,카카오 선물하기,립,17,27,369040,40594,328446,21708,0
2026-05-10,KAKAO,카카오 선물하기,마사지바,17,25,542915,59720,483195,31936,0
2026-05-10,KAKAO,카카오 선물하기,바디로션바,17,26,559821,61580,498241,32930,0
2026-05-10,KAKAO,카카오 선물하기,배쓰밤,71,122,1743247,191757,1551490,24552,0
2026-05-10,KAKAO,카카오 선물하기,비누,25,38,543378,59771,483607,21735,0
2026-05-10,KAKAO,카카오 선물하기,샤워젤,16,28,518951,57084,461867,32434,0
2026-05-10,KAKAO,카카오 선물하기,샴푸바,26,40,964132,106054,858078,37082,0
2026-05-10,KAKAO,카카오 선물하기,액세서리,8,11,96274,10590,85684,12034,0
2026-05-10,KAKAO,카카오 선물하기,페이스마스크,23,38,806945,88763,718182,35084,0
2026-05-10,KAKAO,카카오 선물하기,헤어,12,16,362264,39849,322415,30188,0
2026-05-10,29CM,29CM,기프트,7,9,650029,117005,533024,92861,0
2026-05-10,29CM,29CM,립,6,10,134528,24215,110313,22421,0
2026-05-10,29CM,29CM,마사지바,6,8,162141,29185,132956,27023,0
2026-05-10,29CM,29CM,바디로션바,8,13,285420,51375,234045,35677,0
2026-05-10,29CM,29CM,배쓰밤,27,51,730167,131430,598737,27043,0
2026-05-10,29CM,29CM,비누,9,16,223822,40287,183535,24869,0
2026-05-10,29CM,29CM,샤워젤,6,10,182108,32779,149329,30351,0
2026-05-10,29CM,29CM,샴푸바,10,14,312372,56226,256146,31237,0
2026-05-10,29CM,29CM,액세서리,2,2,18838,3390,15448,9419,0
2026-05-10,29CM,29CM,페이스마스크,14,26,541484,97467,444017,38677,0
2026-05-10,29CM,29CM,헤어,4,6,137121,24681,112440,34280,0
2026-05-10,OY,올리브영 온라인,기프트,11,19,1375737,206360,1169377,125067,0
2026-05-10,OY,올리브영 온라인,립,28,50,685315,102797,582518,24475,0
2026-05-10,OY,올리브영 온라인,마사지바,9,15,310898,46634,264264,34544,0
2026-05-10,OY,올리브영 온라인,바디로션바,9,16,338140,50721,287419,37571,0
2026-05-10,OY,올리브영 온라인,배쓰밤,41,64,884412,132661,751751,21571,1
2026-05-10,OY,올리브영 온라인,비누,17,24,357468,53620,303848,21027,0
2026-05-10,OY,올리브영 온라인,샤워젤,12,22,412168,61825,350343,34347,0
2026-05-10,OY,올리브영 온라인,샴푸바,15,23,547898,82184,465714,36526,0
2026-05-10,OY,올리브영 온라인,액세서리,6,9,81022,12153,68869,13503,0
2026-05-10,OY,올리브영 온라인,페이스마스크,26,37,778027,116704,661323,29924,0
2026-05-10,OY,올리브영 온라인,헤어,8,12,283000,42450,240550,35375,0
2026-05-11,OWN,자사몰 (lush.co.kr),기프트,16,29,2245571,0,2245571,140348,0
2026-05-11,OWN,자사몰 (lush.co.kr),립,13,19,266428,0,266428,20494,0
2026-05-11,OWN,자사몰 (lush.co.kr),마사지바,11,20,423180,0,423180,38470,0
2026-05-11,OWN,자사몰 (lush.co.kr),바디로션바,13,18,391360,0,391360,30104,0
2026-05-11,OWN,자사몰 (lush.co.kr),배쓰밤,59,111,1465454,0,1465454,24838,0
2026-05-11,OWN,자사몰 (lush.co.kr),비누,22,41,580570,0,580570,26389,0
2026-05-11,OWN,자사몰 (lush.co.kr),샤워젤,19,27,538531,0,538531,28343,0
2026-05-11,OWN,자사몰 (lush.co.kr),샴푸바,23,37,829538,0,829538,36066,0
2026-05-11,OWN,자사몰 (lush.co.kr),액세서리,8,14,123492,0,123492,15436,0
2026-05-11,OWN,자사몰 (lush.co.kr),페이스마스크,23,39,801256,0,801256,34837,0
2026-05-11,OWN,자사몰 (lush.co.kr),헤어,10,17,388553,0,388553,38855,0
2026-05-11,NAVER,네이버 브랜드스토어,기프트,6,9,681460,39524,641936,113576,0
2026-05-11,NAVER,네이버 브랜드스토어,립,14,25,356008,20648,335360,25429,0
2026-05-11,NAVER,네이버 브랜드스토어,마사지바,6,9,189925,11015,178910,31654,0
2026-05-11,NAVER,네이버 브랜드스토어,바디로션바,9,13,263620,15289,248331,29291,0
2026-05-11,NAVER,네이버 브랜드스토어,배쓰밤,52,76,1082458,62782,1019676,20816,0
2026-05-11,NAVER,네이버 브랜드스토어,비누,16,28,396246,22982,373264,24765,0
2026-05-11,NAVER,네이버 브랜드스토어,샤워젤,11,18,326562,18940,307622,29687,0
2026-05-11,NAVER,네이버 브랜드스토어,샴푸바,15,20,466812,27075,439737,31120,0
2026-05-11,NAVER,네이버 브랜드스토어,액세서리,3,4,37067,2149,34918,12355,0
2026-05-11,NAVER,네이버 브랜드스토어,페이스마스크,20,28,598671,34722,563949,29933,0
2026-05-11,NAVER,네이버 브랜드스토어,헤어,9,13,300120,17406,282714,33346,0
2026-05-11,KAKAO,카카오 선물하기,기프트,22,40,3016656,331832,2684824,137120,0
2026-05-11,KAKAO,카카오 선물하기,립,15,25,352439,38768,313671,23495,0
2026-05-11,KAKAO,카카오 선물하기,마사지바,12,16,350366,38540,311826,29197,0
2026-05-11,KAKAO,카카오 선물하기,바디로션바,9,15,300687,33075,267612,33409,0
2026-05-11,KAKAO,카카오 선물하기,배쓰밤,36,65,861842,94802,767040,23940,0
2026-05-11,KAKAO,카카오 선물하기,비누,13,19,279978,30797,249181,21536,0
2026-05-11,KAKAO,카카오 선물하기,샤워젤,8,10,186221,20484,165737,23277,0
2026-05-11,KAKAO,카카오 선물하기,샴푸바,18,24,575099,63260,511839,31949,0
2026-05-11,KAKAO,카카오 선물하기,액세서리,5,8,69025,7592,61433,13805,0
2026-05-11,KAKAO,카카오 선물하기,페이스마스크,24,34,708932,77982,630950,29538,0
2026-05-11,KAKAO,카카오 선물하기,헤어,9,12,289770,31874,257896,32196,0
2026-05-11,29CM,29CM,기프트,6,8,608121,109461,498660,101353,0
2026-05-11,29CM,29CM,립,6,9,125695,22625,103070,20949,0
2026-05-11,29CM,29CM,마사지바,3,5,106672,19200,87472,35557,0
2026-05-11,29CM,29CM,바디로션바,4,5,106469,19164,87305,26617,0
2026-05-11,29CM,29CM,배쓰밤,18,30,398263,71687,326576,22125,0
2026-05-11,29CM,29CM,비누,6,7,100115,18020,82095,16685,0
2026-05-11,29CM,29CM,샤워젤,5,9,176670,31800,144870,35334,0
2026-05-11,29CM,29CM,샴푸바,5,7,159821,28767,131054,31964,0
2026-05-11,29CM,29CM,액세서리,2,3,25897,4661,21236,12948,0
2026-05-11,29CM,29CM,페이스마스크,10,13,270763,48737,222026,27076,0
2026-05-11,29CM,29CM,헤어,4,5,117566,21161,96405,29391,0
2026-05-11,OY,올리브영 온라인,기프트,6,8,594154,89123,505031,99025,0
2026-05-11,OY,올리브영 온라인,립,12,20,285692,42853,242839,23807,0
2026-05-11,OY,올리브영 온라인,마사지바,5,9,192359,28853,163506,38471,0
2026-05-11,OY,올리브영 온라인,바디로션바,4,5,108769,16315,92454,27192,0
2026-05-11,OY,올리브영 온라인,배쓰밤,39,60,839052,125857,713195,21514,0
2026-05-11,OY,올리브영 온라인,비누,12,21,303844,45576,258268,25320,0
2026-05-11,OY,올리브영 온라인,샤워젤,9,12,221383,33207,188176,24598,0
2026-05-11,OY,올리브영 온라인,샴푸바,9,15,333020,49953,283067,37002,0
2026-05-11,OY,올리브영 온라인,액세서리,4,6,54727,8209,46518,13681,0
2026-05-11,OY,올리브영 온라인,페이스마스크,22,41,867934,130190,737744,39451,0
2026-05-11,OY,올리브영 온라인,헤어,8,13,312140,46821,265319,39017,0
2026-05-12,OWN,자사몰 (lush.co.kr),기프트,15,21,1632549,0,1632549,108836,0
2026-05-12,OWN,자사몰 (lush.co.kr),립,16,28,387179,0,387179,24198,0
2026-05-12,OWN,자사몰 (lush.co.kr),마사지바,10,16,349447,0,349447,34944,0
2026-05-12,OWN,자사몰 (lush.co.kr),바디로션바,13,23,481975,0,481975,37075,0
2026-05-12,OWN,자사몰 (lush.co.kr),배쓰밤,45,75,1030744,0,1030744,22905,0
2026-05-12,OWN,자사몰 (lush.co.kr),비누,21,33,459577,0,459577,21884,0
2026-05-12,OWN,자사몰 (lush.co.kr),샤워젤,15,22,432913,0,432913,28860,0
2026-05-12,OWN,자사몰 (lush.co.kr),샴푸바,25,42,948994,0,948994,37959,0
2026-05-12,OWN,자사몰 (lush.co.kr),액세서리,7,10,88968,0,88968,12709,0
2026-05-12,OWN,자사몰 (lush.co.kr),페이스마스크,19,33,721133,0,721133,37954,0
2026-05-12,OWN,자사몰 (lush.co.kr),헤어,15,23,533223,0,533223,35548,0
2026-05-12,NAVER,네이버 브랜드스토어,기프트,10,13,948786,55029,893757,94878,0
2026-05-12,NAVER,네이버 브랜드스토어,립,13,24,333237,19327,313910,25633,0
2026-05-12,NAVER,네이버 브랜드스토어,마사지바,8,13,261316,15156,246160,32664,0
2026-05-12,NAVER,네이버 브랜드스토어,바디로션바,8,12,250192,14511,235681,31274,0
2026-05-12,NAVER,네이버 브랜드스토어,배쓰밤,50,67,938176,54414,883762,18763,0
2026-05-12,NAVER,네이버 브랜드스토어,비누,10,14,203956,11829,192127,20395,0
2026-05-12,NAVER,네이버 브랜드스토어,샤워젤,8,12,216612,12563,204049,27076,0
2026-05-12,NAVER,네이버 브랜드스토어,샴푸바,12,18,399853,23191,376662,33321,0
2026-05-12,NAVER,네이버 브랜드스토어,액세서리,4,6,51818,3005,48813,12954,0
2026-05-12,NAVER,네이버 브랜드스토어,페이스마스크,12,17,381611,22133,359478,31800,0
2026-05-12,NAVER,네이버 브랜드스토어,헤어,9,14,343694,19934,323760,38188,0
2026-05-12,KAKAO,카카오 선물하기,기프트,31,47,3516862,386854,3130008,113447,0
2026-05-12,KAKAO,카카오 선물하기,립,10,13,177498,19524,157974,17749,0
2026-05-12,KAKAO,카카오 선물하기,마사지바,7,11,237248,26097,211151,33892,0
2026-05-12,KAKAO,카카오 선물하기,바디로션바,8,13,260123,28613,231510,32515,0
2026-05-12,KAKAO,카카오 선물하기,배쓰밤,50,93,1278529,140638,1137891,25570,0
2026-05-12,KAKAO,카카오 선물하기,비누,15,22,329867,36285,293582,21991,0
2026-05-12,KAKAO,카카오 선물하기,샤워젤,14,23,454484,49993,404491,32463,0
2026-05-12,KAKAO,카카오 선물하기,샴푸바,14,19,419157,46107,373050,29939,0
2026-05-12,KAKAO,카카오 선물하기,액세서리,4,5,47042,5174,41868,11760,0
2026-05-12,KAKAO,카카오 선물하기,페이스마스크,22,37,770178,84719,685459,35008,0
2026-05-12,KAKAO,카카오 선물하기,헤어,7,9,202389,22262,180127,28912,0
2026-05-12,29CM,29CM,기프트,5,7,545995,98279,447716,109199,0
2026-05-12,29CM,29CM,립,5,9,122753,22095,100658,24550,0
2026-05-12,29CM,29CM,마사지바,2,3,63385,11409,51976,31692,0
2026-05-12,29CM,29CM,바디로션바,4,6,125184,22533,102651,31296,0
2026-05-12,29CM,29CM,배쓰밤,19,31,442679,79682,362997,23298,0
2026-05-12,29CM,29CM,비누,4,7,100339,18061,82278,25084,0
2026-05-12,29CM,29CM,샤워젤,5,6,118080,21254,96826,23616,0
2026-05-12,29CM,29CM,샴푸바,6,9,211119,38001,173118,35186,0
2026-05-12,29CM,29CM,액세서리,1,1,9427,1696,7731,9427,0
2026-05-12,29CM,29CM,페이스마스크,8,15,320609,57709,262900,40076,0
2026-05-12,29CM,29CM,헤어,4,6,135886,24459,111427,33971,0
2026-05-12,OY,올리브영 온라인,기프트,4,6,450172,67525,382647,112543,0
2026-05-12,OY,올리브영 온라인,립,10,15,198060,29709,168351,19806,0
2026-05-12,OY,올리브영 온라인,마사지바,5,7,144055,21608,122447,28811,0
2026-05-12,OY,올리브영 온라인,바디로션바,5,8,174991,26248,148743,34998,0
2026-05-12,OY,올리브영 온라인,배쓰밤,27,44,592877,88931,503946,21958,0
2026-05-12,OY,올리브영 온라인,비누,10,15,216078,32411,183667,21607,0
2026-05-12,OY,올리브영 온라인,샤워젤,5,7,138334,20750,117584,27666,0
2026-05-12,OY,올리브영 온라인,샴푸바,10,14,314188,47128,267060,31418,0
2026-05-12,OY,올리브영 온라인,액세서리,3,5,44529,6679,37850,14843,0
2026-05-12,OY,올리브영 온라인,페이스마스크,21,36,754066,113109,640957,35907,0
2026-05-12,OY,올리브영 온라인,헤어,6,8,187076,28061,159015,31179,0
2026-05-13,OWN,자사몰 (lush.co.kr),기프트,18,26,1937657,0,1937657,107647,0
2026-05-13,OWN,자사몰 (lush.co.kr),립,21,34,448222,0,448222,21343,0
2026-05-13,OWN,자사몰 (lush.co.kr),마사지바,13,20,424428,0,424428,32648,0
2026-05-13,OWN,자사몰 (lush.co.kr),바디로션바,15,28,597937,0,597937,39862,0
2026-05-13,OWN,자사몰 (lush.co.kr),배쓰밤,80,129,1830592,0,1830592,22882,0
2026-05-13,OWN,자사몰 (lush.co.kr),비누,18,24,330877,0,330877,18382,0
2026-05-13,OWN,자사몰 (lush.co.kr),샤워젤,18,24,464722,0,464722,25817,0
2026-05-13,OWN,자사몰 (lush.co.kr),샴푸바,24,31,700652,0,700652,29193,0
2026-05-13,OWN,자사몰 (lush.co.kr),액세서리,7,9,82055,0,82055,11722,0
2026-05-13,OWN,자사몰 (lush.co.kr),페이스마스크,27,42,910730,0,910730,33730,0
2026-05-13,OWN,자사몰 (lush.co.kr),헤어,11,15,336387,0,336387,30580,0
2026-05-13,NAVER,네이버 브랜드스토어,기프트,7,13,932355,54076,878279,133193,0
2026-05-13,NAVER,네이버 브랜드스토어,립,11,19,250355,14520,235835,22759,0
2026-05-13,NAVER,네이버 브랜드스토어,마사지바,7,9,181719,10539,171180,25959,0
2026-05-13,NAVER,네이버 브랜드스토어,바디로션바,6,10,217650,12623,205027,36275,0
2026-05-13,NAVER,네이버 브랜드스토어,배쓰밤,41,57,787330,45665,741665,19203,0
2026-05-13,NAVER,네이버 브랜드스토어,비누,15,28,408248,23678,384570,27216,0
2026-05-13,NAVER,네이버 브랜드스토어,샤워젤,11,20,384160,22281,361879,34923,0
2026-05-13,NAVER,네이버 브랜드스토어,샴푸바,11,16,360579,20913,339666,32779,0
2026-05-13,NAVER,네이버 브랜드스토어,액세서리,3,4,34504,2001,32503,11501,0
2026-05-13,NAVER,네이버 브랜드스토어,페이스마스크,17,25,558194,32375,525819,32834,0
2026-05-13,NAVER,네이버 브랜드스토어,헤어,6,10,226952,13163,213789,37825,0
2026-05-13,KAKAO,카카오 선물하기,기프트,33,46,3404807,374528,3030279,103175,0
2026-05-13,KAKAO,카카오 선물하기,립,11,18,234160,25757,208403,21287,0
2026-05-13,KAKAO,카카오 선물하기,마사지바,9,14,294130,32354,261776,32681,0
2026-05-13,KAKAO,카카오 선물하기,바디로션바,9,13,281778,30995,250783,31308,0
2026-05-13,KAKAO,카카오 선물하기,배쓰밤,31,55,790314,86934,703380,25494,0
2026-05-13,KAKAO,카카오 선물하기,비누,15,27,394204,43362,350842,26280,0
2026-05-13,KAKAO,카카오 선물하기,샤워젤,12,22,403495,44384,359111,33624,0
2026-05-13,KAKAO,카카오 선물하기,샴푸바,11,18,413474,45482,367992,37588,0
2026-05-13,KAKAO,카카오 선물하기,액세서리,3,4,37776,4155,33621,12592,0
2026-05-13,KAKAO,카카오 선물하기,페이스마스크,22,29,606564,66722,539842,27571,0
2026-05-13,KAKAO,카카오 선물하기,헤어,11,20,454178,49959,404219,41288,0
2026-05-13,29CM,29CM,기프트,5,7,503743,90673,413070,100748,0
2026-05-13,29CM,29CM,립,6,10,140203,25236,114967,23367,0
2026-05-13,29CM,29CM,마사지바,3,5,106297,19133,87164,35432,0
2026-05-13,29CM,29CM,바디로션바,4,5,103963,18713,85250,25990,0
2026-05-13,29CM,29CM,배쓰밤,16,29,386561,69580,316981,24160,0
2026-05-13,29CM,29CM,비누,5,7,97112,17480,79632,19422,0
2026-05-13,29CM,29CM,샤워젤,5,7,132418,23835,108583,26483,0
2026-05-13,29CM,29CM,샴푸바,4,7,155236,27942,127294,38809,0
2026-05-13,29CM,29CM,액세서리,2,3,26501,4770,21731,13250,0
2026-05-13,29CM,29CM,페이스마스크,6,8,169767,30558,139209,28294,0
2026-05-13,29CM,29CM,헤어,5,7,160072,28812,131260,32014,0
2026-05-13,OY,올리브영 온라인,기프트,8,11,779158,116873,662285,97394,0
2026-05-13,OY,올리브영 온라인,립,21,37,482743,72411,410332,22987,0
2026-05-13,OY,올리브영 온라인,마사지바,6,11,237919,35687,202232,39653,0
2026-05-13,OY,올리브영 온라인,바디로션바,7,12,239812,35971,203841,34258,0
2026-05-13,OY,올리브영 온라인,배쓰밤,26,36,507851,76177,431674,19532,0
2026-05-13,OY,올리브영 온라인,비누,13,17,254248,38137,216111,19557,0
2026-05-13,OY,올리브영 온라인,샤워젤,10,14,276190,41428,234762,27619,0
2026-05-13,OY,올리브영 온라인,샴푸바,13,17,407318,61097,346221,31332,0
2026-05-13,OY,올리브영 온라인,액세서리,3,4,35137,5270,29867,11712,0
2026-05-13,OY,올리브영 온라인,페이스마스크,30,49,1091664,163749,927915,36388,1
2026-05-13,OY,올리브영 온라인,헤어,5,7,165184,24777,140407,33036,0
2026-05-14,OWN,자사몰 (lush.co.kr),기프트,14,23,1731708,0,1731708,123693,0
2026-05-14,OWN,자사몰 (lush.co.kr),립,29,38,501444,0,501444,17291,0
2026-05-14,OWN,자사몰 (lush.co.kr),마사지바,21,34,727429,0,727429,34639,0
2026-05-14,OWN,자사몰 (lush.co.kr),바디로션바,17,24,491638,0,491638,28919,0
2026-05-14,OWN,자사몰 (lush.co.kr),배쓰밤,95,177,2421376,0,2421376,25488,1
2026-05-14,OWN,자사몰 (lush.co.kr),비누,26,45,624854,0,624854,24032,0
2026-05-14,OWN,자사몰 (lush.co.kr),샤워젤,16,21,380931,0,380931,23808,0
2026-05-14,OWN,자사몰 (lush.co.kr),샴푸바,38,50,1172642,0,1172642,30859,0
2026-05-14,OWN,자사몰 (lush.co.kr),액세서리,9,16,147495,0,147495,16388,0
2026-05-14,OWN,자사몰 (lush.co.kr),페이스마스크,44,82,1687884,0,1687884,38361,0
2026-05-14,OWN,자사몰 (lush.co.kr),헤어,21,33,790512,0,790512,37643,0
2026-05-14,NAVER,네이버 브랜드스토어,기프트,12,18,1349741,78284,1271457,112478,0
2026-05-14,NAVER,네이버 브랜드스토어,립,13,19,262216,15208,247008,20170,0
2026-05-14,NAVER,네이버 브랜드스토어,마사지바,14,19,383120,22220,360900,27365,0
2026-05-14,NAVER,네이버 브랜드스토어,바디로션바,11,20,430434,24965,405469,39130,0
2026-05-14,NAVER,네이버 브랜드스토어,배쓰밤,55,77,1004419,58256,946163,18262,1
2026-05-14,NAVER,네이버 브랜드스토어,비누,13,17,238517,13833,224684,18347,0
2026-05-14,NAVER,네이버 브랜드스토어,샤워젤,15,21,414124,24019,390105,27608,0
2026-05-14,NAVER,네이버 브랜드스토어,샴푸바,24,44,1036291,60104,976187,43178,0
2026-05-14,NAVER,네이버 브랜드스토어,액세서리,5,7,65999,3827,62172,13199,0
2026-05-14,NAVER,네이버 브랜드스토어,페이스마스크,22,40,818592,47478,771114,37208,0
2026-05-14,NAVER,네이버 브랜드스토어,헤어,11,17,402700,23356,379344,36609,0
2026-05-14,KAKAO,카카오 선물하기,기프트,24,33,2541352,279548,2261804,105889,0
2026-05-14,KAKAO,카카오 선물하기,립,14,22,296137,32575,263562,21152,0
2026-05-14,KAKAO,카카오 선물하기,마사지바,14,19,406256,44688,361568,29018,0
2026-05-14,KAKAO,카카오 선물하기,바디로션바,10,18,374116,41152,332964,37411,0
2026-05-14,KAKAO,카카오 선물하기,배쓰밤,44,82,1134379,124781,1009598,25781,0
2026-05-14,KAKAO,카카오 선물하기,비누,14,19,287106,31581,255525,20507,0
2026-05-14,KAKAO,카카오 선물하기,샤워젤,15,20,374630,41209,333421,24975,0
2026-05-14,KAKAO,카카오 선물하기,샴푸바,18,32,724907,79739,645168,40272,0
2026-05-14,KAKAO,카카오 선물하기,액세서리,6,8,73109,8041,65068,12184,0
2026-05-14,KAKAO,카카오 선물하기,페이스마스크,29,40,841582,92574,749008,29020,0
2026-05-14,KAKAO,카카오 선물하기,헤어,14,26,627411,69015,558396,44815,0
2026-05-14,29CM,29CM,기프트,5,8,606627,109192,497435,121325,0
2026-05-14,29CM,29CM,립,5,7,97773,17599,80174,19554,0
2026-05-14,29CM,29CM,마사지바,4,7,150273,27049,123224,37568,0
2026-05-14,29CM,29CM,바디로션바,6,7,145191,26134,119057,24198,0
2026-05-14,29CM,29CM,배쓰밤,17,27,375311,67555,307756,22077,0
2026-05-14,29CM,29CM,비누,4,5,69650,12537,57113,17412,0
2026-05-14,29CM,29CM,샤워젤,5,6,111407,20053,91354,22281,0
2026-05-14,29CM,29CM,샴푸바,8,13,288745,51974,236771,36093,0
2026-05-14,29CM,29CM,액세서리,1,1,8634,1554,7080,8634,0
2026-05-14,29CM,29CM,페이스마스크,10,15,315923,56866,259057,31592,0
2026-05-14,29CM,29CM,헤어,5,8,188720,33969,154751,37744,0
2026-05-14,OY,올리브영 온라인,기프트,8,15,1092471,163870,928601,136558,0
2026-05-14,OY,올리브영 온라인,립,22,30,402895,60434,342461,18313,0
2026-05-14,OY,올리브영 온라인,마사지바,5,7,144142,21621,122521,28828,0
2026-05-14,OY,올리브영 온라인,바디로션바,8,10,216186,32427,183759,27023,0
2026-05-14,OY,올리브영 온라인,배쓰밤,47,86,1177944,176691,1001253,25062,1
2026-05-14,OY,올리브영 온라인,비누,11,19,276072,41410,234662,25097,0
2026-05-14,OY,올리브영 온라인,샤워젤,11,18,334536,50180,284356,30412,0
2026-05-14,OY,올리브영 온라인,샴푸바,15,26,575201,86280,488921,38346,0
2026-05-14,OY,올리브영 온라인,액세서리,3,4,34849,5227,29622,11616,0
2026-05-14,OY,올리브영 온라인,페이스마스크,32,49,1016082,152412,863670,31752,0
2026-05-14,OY,올리브영 온라인,헤어,6,8,179802,26970,152832,29967,0
2026-05-15,OWN,자사몰 (lush.co.kr),기프트,21,37,2643831,0,2643831,125896,0
2026-05-15,OWN,자사몰 (lush.co.kr),립,35,64,880645,0,880645,25161,0
2026-05-15,OWN,자사몰 (lush.co.kr),마사지바,25,33,718135,0,718135,28725,0
2026-05-15,OWN,자사몰 (lush.co.kr),바디로션바,20,30,636892,0,636892,31844,0
2026-05-15,OWN,자사몰 (lush.co.kr),배쓰밤,84,144,1893204,0,1893204,22538,0
2026-05-15,OWN,자사몰 (lush.co.kr),비누,34,46,670305,0,670305,19714,0
2026-05-15,OWN,자사몰 (lush.co.kr),샤워젤,29,45,814040,0,814040,28070,0
2026-05-15,OWN,자사몰 (lush.co.kr),샴푸바,27,35,765183,0,765183,28340,0
2026-05-15,OWN,자사몰 (lush.co.kr),액세서리,11,17,148308,0,148308,13482,0
2026-05-15,OWN,자사몰 (lush.co.kr),페이스마스크,50,65,1415920,0,1415920,28318,0
2026-05-15,OWN,자사몰 (lush.co.kr),헤어,16,23,542092,0,542092,33880,0
2026-05-15,NAVER,네이버 브랜드스토어,기프트,17,27,1939131,112469,1826662,114066,0
2026-05-15,NAVER,네이버 브랜드스토어,립,21,29,407365,23627,383738,19398,0
2026-05-15,NAVER,네이버 브랜드스토어,마사지바,10,15,316070,18332,297738,31607,0
2026-05-15,NAVER,네이버 브랜드스토어,바디로션바,13,22,482030,27957,454073,37079,0
2026-05-15,NAVER,네이버 브랜드스토어,배쓰밤,51,83,1181394,68520,1112874,23164,1
2026-05-15,NAVER,네이버 브랜드스토어,비누,20,36,531039,30800,500239,26551,0
2026-05-15,NAVER,네이버 브랜드스토어,샤워젤,13,23,432958,25111,407847,33304,0
2026-05-15,NAVER,네이버 브랜드스토어,샴푸바,22,36,859734,49864,809870,39078,0
2026-05-15,NAVER,네이버 브랜드스토어,액세서리,8,14,129376,7503,121873,16172,0
2026-05-15,NAVER,네이버 브랜드스토어,페이스마스크,26,37,799648,46379,753269,30755,0
2026-05-15,NAVER,네이버 브랜드스토어,헤어,10,18,409881,23773,386108,40988,0
2026-05-15,KAKAO,카카오 선물하기,기프트,42,60,4508513,495936,4012577,107345,0
2026-05-15,KAKAO,카카오 선물하기,립,23,36,515164,56668,458496,22398,0
2026-05-15,KAKAO,카카오 선물하기,마사지바,13,22,472548,51980,420568,36349,0
2026-05-15,KAKAO,카카오 선물하기,바디로션바,14,24,517318,56904,460414,36951,0
2026-05-15,KAKAO,카카오 선물하기,배쓰밤,57,106,1449626,159458,1290168,25432,0
2026-05-15,KAKAO,카카오 선물하기,비누,28,43,631552,69470,562082,22555,0
2026-05-15,KAKAO,카카오 선물하기,샤워젤,21,27,533461,58680,474781,25402,0
2026-05-15,KAKAO,카카오 선물하기,샴푸바,21,35,786195,86481,699714,37437,0
2026-05-15,KAKAO,카카오 선물하기,액세서리,9,14,125301,13783,111518,13922,0
2026-05-15,KAKAO,카카오 선물하기,페이스마스크,33,52,1074472,118191,956281,32559,0
2026-05-15,KAKAO,카카오 선물하기,헤어,16,28,667425,73416,594009,41714,0
2026-05-15,29CM,29CM,기프트,9,12,907659,163378,744281,100851,0
2026-05-15,29CM,29CM,립,9,12,162208,29197,133011,18023,0
2026-05-15,29CM,29CM,마사지바,7,10,207573,37363,170210,29653,0
2026-05-15,29CM,29CM,바디로션바,8,13,261921,47145,214776,32740,0
2026-05-15,29CM,29CM,배쓰밤,21,35,483967,87114,396853,23046,0
2026-05-15,29CM,29CM,비누,6,8,117187,21093,96094,19531,0
2026-05-15,29CM,29CM,샤워젤,7,9,170048,30608,139440,24292,0
2026-05-15,29CM,29CM,샴푸바,7,12,262820,47307,215513,37545,0
2026-05-15,29CM,29CM,액세서리,2,3,26762,4817,21945,13381,0
2026-05-15,29CM,29CM,페이스마스크,14,18,384595,69227,315368,27471,0
2026-05-15,29CM,29CM,헤어,5,8,189001,34020,154981,37800,0
2026-05-15,OY,올리브영 온라인,기프트,10,14,1025258,153788,871470,102525,0
2026-05-15,OY,올리브영 온라인,립,23,35,458016,68702,389314,19913,0
2026-05-15,OY,올리브영 온라인,마사지바,11,19,412844,61926,350918,37531,0
2026-05-15,OY,올리브영 온라인,바디로션바,7,10,209125,31368,177757,29875,0
2026-05-15,OY,올리브영 온라인,배쓰밤,40,61,842513,126376,716137,21062,1
2026-05-15,OY,올리브영 온라인,비누,10,15,223511,33526,189985,22351,0
2026-05-15,OY,올리브영 온라인,샤워젤,9,13,254220,38133,216087,28246,0
2026-05-15,OY,올리브영 온라인,샴푸바,17,30,715932,107389,608543,42113,0
2026-05-15,OY,올리브영 온라인,액세서리,3,5,47189,7078,40111,15729,0
2026-05-15,OY,올리브영 온라인,페이스마스크,26,40,851116,127667,723449,32735,0
2026-05-15,OY,올리브영 온라인,헤어,10,13,315882,47382,268500,31588,0
2026-05-16,OWN,자사몰 (lush.co.kr),기프트,20,32,2442931,0,2442931,122146,0
2026-05-16,OWN,자사몰 (lush.co.kr),립,40,65,860790,0,860790,21519,0
2026-05-16,OWN,자사몰 (lush.co.kr),마사지바,17,27,576455,0,576455,33909,0
2026-05-16,OWN,자사몰 (lush.co.kr),바디로션바,17,28,586455,0,586455,34497,0
2026-05-16,OWN,자사몰 (lush.co.kr),배쓰밤,131,178,2401443,0,2401443,18331,2
2026-05-16,OWN,자사몰 (lush.co.kr),비누,31,43,652189,0,652189,21038,0
2026-05-16,OWN,자사몰 (lush.co.kr),샤워젤,35,46,848903,0,848903,24254,0
2026-05-16,OWN,자사몰 (lush.co.kr),샴푸바,46,80,1822206,0,1822206,39613,0
2026-05-16,OWN,자사몰 (lush.co.kr),액세서리,15,24,219133,0,219133,14608,0
2026-05-16,OWN,자사몰 (lush.co.kr),페이스마스크,63,95,2000176,0,2000176,31748,0
2026-05-16,OWN,자사몰 (lush.co.kr),헤어,28,39,910842,0,910842,32530,0
2026-05-16,NAVER,네이버 브랜드스토어,기프트,22,34,2544893,147603,2397290,115676,0
2026-05-16,NAVER,네이버 브랜드스토어,립,22,38,494379,28673,465706,22471,0
2026-05-16,NAVER,네이버 브랜드스토어,마사지바,16,24,511194,29649,481545,31949,0
2026-05-16,NAVER,네이버 브랜드스토어,바디로션바,11,19,396116,22974,373142,36010,0
2026-05-16,NAVER,네이버 브랜드스토어,배쓰밤,62,89,1270380,73682,1196698,20490,0
2026-05-16,NAVER,네이버 브랜드스토어,비누,33,45,658718,38205,620513,19961,0
2026-05-16,NAVER,네이버 브랜드스토어,샤워젤,19,32,635645,36867,598778,33455,0
2026-05-16,NAVER,네이버 브랜드스토어,샴푸바,36,64,1453485,84302,1369183,40374,0
2026-05-16,NAVER,네이버 브랜드스토어,액세서리,6,8,74002,4292,69710,12333,0
2026-05-16,NAVER,네이버 브랜드스토어,페이스마스크,42,70,1495396,86732,1408664,35604,0
2026-05-16,NAVER,네이버 브랜드스토어,헤어,15,23,523109,30340,492769,34873,0
2026-05-16,KAKAO,카카오 선물하기,기프트,55,82,5921893,651408,5270485,107670,0
2026-05-16,KAKAO,카카오 선물하기,립,25,39,507916,55870,452046,20316,0
2026-05-16,KAKAO,카카오 선물하기,마사지바,17,26,548248,60307,487941,32249,0
2026-05-16,KAKAO,카카오 선물하기,바디로션바,12,19,403021,44332,358689,33585,0
2026-05-16,KAKAO,카카오 선물하기,배쓰밤,61,109,1453243,159856,1293387,23823,0
2026-05-16,KAKAO,카카오 선물하기,비누,18,32,485782,53436,432346,26987,0
2026-05-16,KAKAO,카카오 선물하기,샤워젤,22,31,569340,62627,506713,25879,0
2026-05-16,KAKAO,카카오 선물하기,샴푸바,35,46,1083500,119185,964315,30957,0
2026-05-16,KAKAO,카카오 선물하기,액세서리,9,16,150199,16521,133678,16688,0
2026-05-16,KAKAO,카카오 선물하기,페이스마스크,39,61,1366994,150369,1216625,35051,0
2026-05-16,KAKAO,카카오 선물하기,헤어,18,28,635434,69897,565537,35301,0
2026-05-16,29CM,29CM,기프트,11,15,1097885,197619,900266,99807,0
2026-05-16,29CM,29CM,립,10,16,211471,38064,173407,21147,0
2026-05-16,29CM,29CM,마사지바,6,10,206771,37218,169553,34461,0
2026-05-16,29CM,29CM,바디로션바,8,12,264032,47525,216507,33004,0
2026-05-16,29CM,29CM,배쓰밤,31,41,537353,96723,440630,17333,0
2026-05-16,29CM,29CM,비누,8,14,193807,34885,158922,24225,0
2026-05-16,29CM,29CM,샤워젤,6,9,167704,30186,137518,27950,0
2026-05-16,29CM,29CM,샴푸바,14,23,521415,93854,427561,37243,0
2026-05-16,29CM,29CM,액세서리,3,4,36876,6637,30239,12292,0
2026-05-16,29CM,29CM,페이스마스크,11,19,406916,73244,333672,36992,0
2026-05-16,29CM,29CM,헤어,6,10,236670,42600,194070,39445,0
2026-05-16,OY,올리브영 온라인,기프트,14,19,1388799,208319,1180480,99199,0
2026-05-16,OY,올리브영 온라인,립,27,38,499848,74977,424871,18512,0
2026-05-16,OY,올리브영 온라인,마사지바,8,14,299538,44930,254608,37442,0
2026-05-16,OY,올리브영 온라인,바디로션바,10,18,396159,59423,336736,39615,0
2026-05-16,OY,올리브영 온라인,배쓰밤,38,60,824872,123730,701142,21707,0
2026-05-16,OY,올리브영 온라인,비누,21,28,417952,62692,355260,19902,0
2026-05-16,OY,올리브영 온라인,샤워젤,13,16,313947,47092,266855,24149,0
2026-05-16,OY,올리브영 온라인,샴푸바,16,21,467618,70142,397476,29226,0
2026-05-16,OY,올리브영 온라인,액세서리,5,7,64013,9601,54412,12802,0
2026-05-16,OY,올리브영 온라인,페이스마스크,46,73,1617491,242623,1374868,35162,1
2026-05-16,OY,올리브영 온라인,헤어,8,13,293505,44025,249480,36688,0
2026-05-17,OWN,자사몰 (lush.co.kr),기프트,18,32,2377849,0,2377849,132102,0
2026-05-17,OWN,자사몰 (lush.co.kr),립,27,41,541426,0,541426,20052,0
2026-05-17,OWN,자사몰 (lush.co.kr),마사지바,22,29,597452,0,597452,27156,0
2026-05-17,OWN,자사몰 (lush.co.kr),바디로션바,16,26,550127,0,550127,34382,0
2026-05-17,OWN,자사몰 (lush.co.kr),배쓰밤,108,168,2410159,0,2410159,22316,1
2026-05-17,OWN,자사몰 (lush.co.kr),비누,34,55,820651,0,820651,24136,0
2026-05-17,OWN,자사몰 (lush.co.kr),샤워젤,19,30,573083,0,573083,30162,0
2026-05-17,OWN,자사몰 (lush.co.kr),샴푸바,37,59,1320897,0,1320897,35699,0
2026-05-17,OWN,자사몰 (lush.co.kr),액세서리,12,16,146941,0,146941,12245,0
2026-05-17,OWN,자사몰 (lush.co.kr),페이스마스크,40,64,1431673,0,1431673,35791,0
2026-05-17,OWN,자사몰 (lush.co.kr),헤어,18,26,637754,0,637754,35430,0
2026-05-17,NAVER,네이버 브랜드스토어,기프트,15,27,2041117,118384,1922733,136074,0
2026-05-17,NAVER,네이버 브랜드스토어,립,18,28,385002,22330,362672,21389,0
2026-05-17,NAVER,네이버 브랜드스토어,마사지바,15,27,557281,32322,524959,37152,0
2026-05-17,NAVER,네이버 브랜드스토어,바디로션바,9,14,307096,17811,289285,34121,0
2026-05-17,NAVER,네이버 브랜드스토어,배쓰밤,73,97,1281519,74328,1207191,17555,1
2026-05-17,NAVER,네이버 브랜드스토어,비누,20,34,498383,28906,469477,24919,0
2026-05-17,NAVER,네이버 브랜드스토어,샤워젤,18,32,627456,36392,591064,34858,0
2026-05-17,NAVER,네이버 브랜드스토어,샴푸바,22,37,885661,51368,834293,40257,0
2026-05-17,NAVER,네이버 브랜드스토어,액세서리,4,5,44226,2565,41661,11056,0
2026-05-17,NAVER,네이버 브랜드스토어,페이스마스크,23,43,963831,55902,907929,41905,0
2026-05-17,NAVER,네이버 브랜드스토어,헤어,15,26,593043,34396,558647,39536,0
2026-05-17,KAKAO,카카오 선물하기,기프트,58,89,6631127,729423,5901704,114329,0
2026-05-17,KAKAO,카카오 선물하기,립,28,47,623700,68607,555093,22275,0
2026-05-17,KAKAO,카카오 선물하기,마사지바,21,37,747013,82171,664842,35572,0
2026-05-17,KAKAO,카카오 선물하기,바디로션바,13,24,503580,55393,448187,38736,0
2026-05-17,KAKAO,카카오 선물하기,배쓰밤,77,142,1960270,215629,1744641,25458,1
2026-05-17,KAKAO,카카오 선물하기,비누,20,35,515452,56699,458753,25772,0
2026-05-17,KAKAO,카카오 선물하기,샤워젤,26,42,825604,90816,734788,31754,0
2026-05-17,KAKAO,카카오 선물하기,샴푸바,30,49,1112394,122363,990031,37079,0
2026-05-17,KAKAO,카카오 선물하기,액세서리,11,20,181533,19968,161565,16503,0
2026-05-17,KAKAO,카카오 선물하기,페이스마스크,44,59,1310241,144126,1166115,29778,0
2026-05-17,KAKAO,카카오 선물하기,헤어,19,33,795239,87476,707763,41854,0
2026-05-17,29CM,29CM,기프트,12,20,1441346,259442,1181904,120112,0
2026-05-17,29CM,29CM,립,6,10,131498,23669,107829,21916,0
2026-05-17,29CM,29CM,마사지바,7,9,197666,35579,162087,28238,0
2026-05-17,29CM,29CM,바디로션바,10,18,370718,66729,303989,37071,0
2026-05-17,29CM,29CM,배쓰밤,29,39,546241,98323,447918,18835,0
2026-05-17,29CM,29CM,비누,7,11,164705,29646,135059,23529,0
2026-05-17,29CM,29CM,샤워젤,10,17,308229,55481,252748,30822,0
2026-05-17,29CM,29CM,샴푸바,14,20,469873,84577,385296,33562,0
2026-05-17,29CM,29CM,액세서리,2,3,27532,4955,22577,13766,0
2026-05-17,29CM,29CM,페이스마스크,14,21,447077,80473,366604,31934,0
2026-05-17,29CM,29CM,헤어,5,8,188181,33872,154309,37636,0
2026-05-17,OY,올리브영 온라인,기프트,9,13,977801,146670,831131,108644,0
2026-05-17,OY,올리브영 온라인,립,28,45,644238,96635,547603,23008,1
2026-05-17,OY,올리브영 온라인,마사지바,13,20,414402,62160,352242,31877,0
2026-05-17,OY,올리브영 온라인,바디로션바,8,11,234480,35172,199308,29310,0
2026-05-17,OY,올리브영 온라인,배쓰밤,61,88,1204074,180611,1023463,19738,1
2026-05-17,OY,올리브영 온라인,비누,15,27,375889,56383,319506,25059,0
2026-05-17,OY,올리브영 온라인,샤워젤,12,20,362618,54392,308226,30218,0
2026-05-17,OY,올리브영 온라인,샴푸바,18,25,574204,86130,488074,31900,0
2026-05-17,OY,올리브영 온라인,액세서리,6,9,80366,12054,68312,13394,0
2026-05-17,OY,올리브영 온라인,페이스마스크,37,48,1074736,161210,913526,29046,0
2026-05-17,OY,올리브영 온라인,헤어,11,16,366783,55017,311766,33343,0
2026-05-18,OWN,자사몰 (lush.co.kr),기프트,14,18,1285128,0,1285128,91794,0
2026-05-18,OWN,자사몰 (lush.co.kr),립,19,35,484771,0,484771,25514,0
2026-05-18,OWN,자사몰 (lush.co.kr),마사지바,15,26,568879,0,568879,37925,0
2026-05-18,OWN,자사몰 (lush.co.kr),바디로션바,10,18,395514,0,395514,39551,0
2026-05-18,OWN,자사몰 (lush.co.kr),배쓰밤,77,125,1650056,0,1650056,21429,1
2026-05-18,OWN,자사몰 (lush.co.kr),비누,15,20,287671,0,287671,19178,0
2026-05-18,OWN,자사몰 (lush.co.kr),샤워젤,22,35,638562,0,638562,29025,0
2026-05-18,OWN,자사몰 (lush.co.kr),샴푸바,27,42,968788,0,968788,35881,0
2026-05-18,OWN,자사몰 (lush.co.kr),액세서리,7,12,112606,0,112606,16086,0
2026-05-18,OWN,자사몰 (lush.co.kr),페이스마스크,31,41,881085,0,881085,28422,0
2026-05-18,OWN,자사몰 (lush.co.kr),헤어,17,31,754745,0,754745,44396,0
2026-05-18,NAVER,네이버 브랜드스토어,기프트,6,8,595003,34510,560493,99167,0
2026-05-18,NAVER,네이버 브랜드스토어,립,11,18,244876,14202,230674,22261,0
2026-05-18,NAVER,네이버 브랜드스토어,마사지바,8,15,302774,17560,285214,37846,0
2026-05-18,NAVER,네이버 브랜드스토어,바디로션바,9,15,316185,18338,297847,35131,0
2026-05-18,NAVER,네이버 브랜드스토어,배쓰밤,35,55,749997,43499,706498,21428,0
2026-05-18,NAVER,네이버 브랜드스토어,비누,10,18,268987,15601,253386,26898,0
2026-05-18,NAVER,네이버 브랜드스토어,샤워젤,14,24,467744,27129,440615,33410,0
2026-05-18,NAVER,네이버 브랜드스토어,샴푸바,19,33,779164,45191,733973,41008,0
2026-05-18,NAVER,네이버 브랜드스토어,액세서리,4,5,45017,2610,42407,11254,0
2026-05-18,NAVER,네이버 브랜드스토어,페이스마스크,14,22,475288,27566,447722,33949,0
2026-05-18,NAVER,네이버 브랜드스토어,헤어,11,20,456954,26503,430451,41541,0
2026-05-18,KAKAO,카카오 선물하기,기프트,37,58,4453348,489868,3963480,120360,0
2026-05-18,KAKAO,카카오 선물하기,립,16,26,359692,39566,320126,22480,0
2026-05-18,KAKAO,카카오 선물하기,마사지바,13,18,390319,42935,347384,30024,0
2026-05-18,KAKAO,카카오 선물하기,바디로션바,11,15,303273,33360,269913,27570,0
2026-05-18,KAKAO,카카오 선물하기,배쓰밤,43,60,784148,86256,697892,18236,0
2026-05-18,KAKAO,카카오 선물하기,비누,17,23,345835,38041,307794,20343,0
2026-05-18,KAKAO,카카오 선물하기,샤워젤,13,22,411984,45318,366666,31691,0
2026-05-18,KAKAO,카카오 선물하기,샴푸바,12,21,462051,50825,411226,38504,0
2026-05-18,KAKAO,카카오 선물하기,액세서리,6,10,93049,10235,82814,15508,0
2026-05-18,KAKAO,카카오 선물하기,페이스마스크,22,30,636694,70036,566658,28940,0
2026-05-18,KAKAO,카카오 선물하기,헤어,13,21,471761,51893,419868,36289,0
2026-05-18,29CM,29CM,기프트,5,8,573522,103233,470289,114704,0
2026-05-18,29CM,29CM,립,6,9,124074,22333,101741,20679,0
2026-05-18,29CM,29CM,마사지바,4,6,132085,23775,108310,33021,0
2026-05-18,29CM,29CM,바디로션바,5,7,142258,25606,116652,28451,0
2026-05-18,29CM,29CM,배쓰밤,20,29,383162,68969,314193,19158,0
2026-05-18,29CM,29CM,비누,5,9,132401,23832,108569,26480,0
2026-05-18,29CM,29CM,샤워젤,4,5,98120,17661,80459,24530,0
2026-05-18,29CM,29CM,샴푸바,6,9,205584,37005,168579,34264,0
2026-05-18,29CM,29CM,액세서리,1,1,8684,1563,7121,8684,0
2026-05-18,29CM,29CM,페이스마스크,9,12,269203,48456,220747,29911,0
2026-05-18,29CM,29CM,헤어,3,4,96626,17392,79234,32208,0
2026-05-18,OY,올리브영 온라인,기프트,7,9,673766,101064,572702,96252,0
2026-05-18,OY,올리브영 온라인,립,24,39,506881,76032,430849,21120,0
2026-05-18,OY,올리브영 온라인,마사지바,8,10,201511,30226,171285,25188,0
2026-05-18,OY,올리브영 온라인,바디로션바,5,8,175823,26373,149450,35164,0
2026-05-18,OY,올리브영 온라인,배쓰밤,36,60,788254,118238,670016,21895,1
2026-05-18,OY,올리브영 온라인,비누,8,12,168088,25213,142875,21011,0
2026-05-18,OY,올리브영 온라인,샤워젤,9,13,235669,35350,200319,26185,0
2026-05-18,OY,올리브영 온라인,샴푸바,16,27,620727,93109,527618,38795,0
2026-05-18,OY,올리브영 온라인,액세서리,2,3,26503,3975,22528,13251,0
2026-05-18,OY,올리브영 온라인,페이스마스크,33,57,1261327,189199,1072128,38222,1
2026-05-18,OY,올리브영 온라인,헤어,6,8,193785,29067,164718,32297,0
